data_time,hyyhs_cnt,hyjzyhs_cnt,tgyhzs_cnt,data_update_time
20181228,2208.0,2037.0,4477.0,2020-1-18 19:36
20181229,6898.0,6217.0,13217.0,2020-1-18 19:39
20181230,2272.0,2055.0,15663.0,2020-1-18 19:42
20181231,2935.0,2637.0,19246.0,2020-1-18 19:45
20190101,2114.0,1961.0,21659.0,2020-1-18 19:48
20190102,4576.0,4277.0,26817.0,2020-1-18 19:51
20190103,6205.0,5870.0,33324.0,2020-1-18 19:54
20190104,6159.0,5880.0,38871.0,2020-1-18 19:56
20190105,4929.0,4675.0,42802.0,2020-1-18 19:59
20190106,4916.0,4628.0,47554.0,2020-1-18 20:02
20190107,8072.0,7659.0,55177.0,2020-1-18 20:05
20190108,10776.0,10253.0,66038.0,2020-1-18 20:09
20190109,13079.0,12472.0,78440.0,2020-1-18 20:12
20190110,13246.0,12615.0,90071.0,2020-1-18 20:16
20190111,11824.0,11061.0,99169.0,2020-1-18 20:19
20190112,4463.0,4183.0,102282.0,2020-1-18 20:22
20190113,4010.0,3753.0,105216.0,2020-1-18 20:24
20190114,11201.0,10449.0,115059.0,2020-1-18 20:27
20190115,16130.0,15194.0,128954.0,2020-1-18 20:30
20190116,13426.0,12514.0,140568.0,2020-1-18 20:33
20190117,12183.0,11231.0,149837.0,2020-1-18 20:37
20190118,11746.0,10769.0,158697.0,2020-1-18 20:40
20190119,4376.0,4044.0,161082.0,2020-1-18 20:42
20190120,4428.0,4106.0,163646.0,2020-1-18 20:45
20190121,11572.0,11074.0,170055.0,2020-1-18 20:48
20190122,11292.0,10819.0,176461.0,2020-1-18 20:51
20190123,9197.0,8658.0,182287.0,2020-1-18 20:54
20190124,8413.0,7832.0,187778.0,2020-1-18 20:58
20190125,8791.0,8353.0,193993.0,2020-1-18 21:01
20190126,4863.0,4587.0,196787.0,2020-1-18 21:04
20190127,3971.0,3753.0,198747.0,2020-1-18 21:08
20190128,6566.0,6237.0,202595.0,2020-1-18 21:12
20190129,7389.0,6996.0,208626.0,2020-1-18 21:15
20190130,9335.0,8925.0,216174.0,2020-1-18 21:18
20190131,8786.0,8424.0,222841.0,2020-1-18 21:22
20190201,7884.0,7514.0,227442.0,2020-1-18 21:25
20190202,8432.0,8012.0,231370.0,2020-1-18 21:28
20190203,9398.0,8976.0,234903.0,2020-1-18 21:31
20190204,5863.0,5523.0,236733.0,2020-1-18 21:34
20190205,5077.0,4833.0,238148.0,2020-1-18 21:37
20190206,4071.0,3861.0,239440.0,2020-1-18 21:39
20190207,4175.0,3953.0,240946.0,2020-1-18 21:42
20190208,4082.0,3858.0,242409.0,2020-1-18 21:45
20190209,4542.0,4308.0,244105.0,2020-1-18 21:48
20190210,4981.0,4742.0,245816.0,2020-1-18 21:51
20190211,7205.0,6933.0,248811.0,2020-1-18 21:54
20190212,8379.0,8039.0,252481.0,2020-1-18 21:57
20190213,12773.0,11826.0,257176.0,2020-1-18 22:00
20190214,12113.0,11313.0,261914.0,2020-1-18 22:03
20190215,14245.0,13567.0,268116.0,2020-1-18 22:06
20190216,5931.0,5677.0,270322.0,2020-1-18 22:10
20190217,5955.0,5698.0,272759.0,2020-1-18 22:13
20190218,14000.0,13273.0,280078.0,2020-1-18 22:16
20190219,11582.0,10920.0,285644.0,2020-1-18 22:19
20190220,12887.0,12369.0,290544.0,2020-1-18 22:22
20190221,11794.0,11330.0,296299.0,2020-1-18 22:25
20190222,12498.0,11883.0,303015.0,2020-1-18 22:28
20190223,7714.0,7463.0,305830.0,2020-1-18 22:31
20190224,6510.0,6249.0,308324.0,2020-1-18 22:34
20190225,11969.0,11444.0,314399.0,2020-1-18 22:37
20190226,10909.0,10432.0,319913.0,2020-1-18 22:40
20190227,10975.0,10502.0,325211.0,2020-1-18 22:43
20190228,9980.0,9511.0,330146.0,2020-1-18 22:46
20190301,10891.0,10294.0,335391.0,2020-1-18 22:49
20190302,9577.0,9175.0,338964.0,2020-1-18 22:52
20190303,11215.0,10671.0,342956.0,2020-1-18 22:54
20190304,15567.0,14886.0,350476.0,2020-1-18 22:58
20190305,15847.0,14855.0,357113.0,2020-1-18 23:01
20190306,16024.0,15004.0,363854.0,2020-1-18 23:04
20190307,15249.0,14216.0,369595.0,2020-1-18 23:08
20190308,14136.0,12731.0,375334.0,2020-1-18 23:12
20190309,8910.0,8444.0,378298.0,2020-1-18 23:15
20190310,8550.0,8038.0,380903.0,2020-1-18 23:17
20190311,17424.0,15517.0,388575.0,2020-1-18 23:20
20190312,16879.0,15171.0,395589.0,2020-1-18 23:23
20190313,17258.0,15528.0,402310.0,2020-1-18 23:27
20190314,17614.0,15949.0,409302.0,2020-1-18 23:30
20190315,15306.0,14028.0,416414.0,2020-1-18 23:33
20190316,7512.0,7038.0,418502.0,2020-1-18 23:35
20190317,8703.0,8156.0,421098.0,2020-1-18 23:38
20190318,17244.0,15583.0,428575.0,2020-1-18 23:42
20190319,13655.0,12190.0,434926.0,2020-1-18 23:45
20190320,13130.0,11738.0,440506.0,2020-1-18 23:48
20190321,22000.0,19981.0,549036.0,2020-1-18 23:51
20190322,18268.0,16675.0,564370.0,2020-1-18 23:55
20190323,10064.0,9449.0,567508.0,2020-1-18 23:58
20190324,9655.0,8960.0,569876.0,2020-1-19 0:01
20190325,16773.0,15124.0,576498.0,2020-1-19 0:05
20190326,16242.0,14793.0,582939.0,2020-1-19 0:10
20190327,15387.0,13568.0,589176.0,2020-1-19 0:14
20190328,15876.0,14063.0,594969.0,2020-1-19 0:17
20190329,15806.0,14490.0,601496.0,2020-1-19 0:21
20190330,10508.0,10017.0,604434.0,2020-1-19 0:24
20190331,9759.0,9275.0,606825.0,2020-1-19 0:27
20190401,17341.0,16284.0,611770.0,2020-1-19 0:31
20190402,21300.0,20225.0,617312.0,2020-1-19 0:34
20190403,24639.0,23640.0,623359.0,2020-1-19 0:37
20190404,24632.0,23449.0,628721.0,2020-1-19 0:40
20190405,12646.0,12055.0,630877.0,2020-1-19 0:43
20190406,12924.0,12345.0,632979.0,2020-1-19 0:47
20190407,11278.0,10765.0,634736.0,2020-1-19 0:50
20190408,19990.0,18953.0,641113.0,2020-1-19 0:53
20190409,22021.0,20935.0,647409.0,2020-1-19 0:56
20190410,22612.0,21513.0,685977.0,2020-1-19 1:00
20190411,16525.0,15387.0,693778.0,2020-1-19 1:03
20190412,28464.0,27267.0,704415.0,2020-1-19 1:07
20190413,13937.0,13287.0,709502.0,2020-1-19 1:11
20190414,13135.0,12493.0,713731.0,2020-1-19 1:14
20190415,24772.0,23484.0,724143.0,2020-1-19 1:18
20190416,28837.0,27421.0,734946.0,2020-1-19 1:21
20190417,24978.0,23674.0,745702.0,2020-1-19 1:25
20190418,25876.0,24470.0,757287.0,2020-1-19 1:28
20190419,23772.0,22159.0,758727.0,2020-1-19 1:32
20190420,13207.0,12287.0,770250.0,2020-1-19 1:37
20190421,13126.0,12178.0,778185.0,2020-1-19 1:42
20190422,21044.0,19482.0,787336.0,2020-1-19 1:47
20190423,20310.0,18786.0,794681.0,2020-1-19 1:50
20190424,22157.0,20607.0,801889.0,2020-1-19 1:54
20190425,13385.0,12381.0,808277.0,2020-1-19 1:57
20190426,19083.0,17731.0,814917.0,2020-1-19 2:00
20190427,11936.0,11123.0,818593.0,2020-1-19 2:04
20190428,23185.0,21773.0,826732.0,2020-1-19 2:10
20190429,24288.0,22741.0,836010.0,2020-1-19 2:18
20190430,26018.0,24542.0,843635.0,2020-1-19 2:22
20190501,16371.0,15488.0,847045.0,2020-1-19 2:26
20190502,23441.0,22254.0,851295.0,2020-1-19 2:30
20190503,29220.0,27896.0,856727.0,2020-1-19 2:34
20190504,29753.0,28275.0,861586.0,2020-1-19 2:37
20190505,41986.0,40002.0,874194.0,2020-1-19 2:40
20190506,43666.0,41319.0,886324.0,2020-1-19 2:44
20190507,39523.0,37348.0,897759.0,2020-1-19 2:47
20190508,36232.0,34147.0,910463.0,2020-1-19 2:51
20190509,41530.0,39436.0,925485.0,2020-1-19 2:54
20190510,38887.0,36810.0,938921.0,2020-1-19 2:58
20190511,24451.0,23091.0,946097.0,2020-1-19 3:01
20190512,24068.0,22802.0,951087.0,2020-1-19 3:06
20190513,43083.0,41015.0,964092.0,2020-1-19 3:10
20190514,46307.0,44088.0,981410.0,2020-1-19 3:13
20190515,54882.0,52262.0,1007167.0,2020-1-19 3:17
20190516,60581.0,57581.0,1047556.0,2020-1-19 3:20
20190517,74149.0,70161.0,1125102.0,2020-1-19 3:23
20190518,50371.0,47877.0,1169996.0,2020-1-19 3:27
20190519,50817.0,48555.0,1213450.0,2020-1-19 3:30
20190520,93802.0,89475.0,1319080.0,2020-1-19 3:33
20190521,111808.0,106118.0,1500333.0,2020-1-19 3:36
20190522,114862.0,108862.0,2208280.0,2020-1-19 3:40
20190523,126832.0,121042.0,2415538.0,2020-1-19 3:43
20190524,128697.0,122395.0,2624511.0,2020-1-19 3:46
20190525,91444.0,86754.0,2785863.0,2020-1-19 3:49
20190526,78989.0,74844.0,2913071.0,2020-1-19 3:52
20190527,159361.0,121142.0,3152803.0,2020-1-19 3:55
20190528,160980.0,153689.0,3391913.0,2020-1-19 3:59
20190529,157630.0,150528.0,3597909.0,2020-1-19 4:02
20190530,138805.0,132381.0,3754063.0,2020-1-19 4:06
20190531,122886.0,117510.0,3874881.0,2020-1-19 4:10
20190601,72225.0,68239.0,3928154.0,2020-1-19 4:13
20190602,88232.0,81265.0,3984430.0,2020-1-19 5:07
20190603,125000.0,119331.0,4071407.0,2020-1-19 5:13
20190604,133311.0,126806.0,4153149.0,2020-1-19 5:16
20190605,136253.0,129799.0,4242058.0,2020-1-19 5:20
20190606,122484.0,116452.0,4330696.0,2020-1-19 5:25
20190607,76198.0,72037.0,4378829.0,2020-1-19 5:28
20190608,71900.0,67792.0,4421157.0,2020-1-19 5:32
20190609,75783.0,71877.0,4461167.0,2020-1-19 5:35
20190610,86577.0,81211.0,4492213.0,2020-1-19 5:39
20190611,94558.0,89115.0,4535256.0,2020-1-19 5:43
20190612,87799.0,82658.0,4576843.0,2020-1-19 5:46
20190613,96720.0,92082.0,4631814.0,2020-1-19 5:50
20190614,89880.0,85284.0,4695958.0,2020-1-19 5:53
20190615,53883.0,50216.0,4720702.0,2020-1-19 5:56
20190616,40500.0,37161.0,4732702.0,2020-1-19 6:00
20190617,73534.0,69391.0,4766501.0,2020-1-19 6:05
20190618,66665.0,62746.0,4796319.0,2020-1-19 6:11
20190619,65489.0,61462.0,4823736.0,2020-1-19 6:15
20190620,65809.0,61880.0,4852314.0,2020-1-19 6:19
20190621,68359.0,64358.0,4884995.0,2020-1-19 6:23
20190622,45806.0,42766.0,4904343.0,2020-1-19 6:26
20190623,38921.0,36026.0,4918098.0,2020-1-19 6:30
20190624,62583.0,58643.0,4946321.0,2020-1-19 6:34
20190625,69887.0,65916.0,4981492.0,2020-1-19 6:38
20190626,64595.0,60773.0,5014331.0,2020-1-19 6:41
20190627,68570.0,64573.0,5048923.0,2020-1-19 6:45
20190628,63045.0,58913.0,5076615.0,2020-1-19 6:49
20190629,50945.0,47566.0,5091825.0,2020-1-19 6:52
20190630,57154.0,53806.0,5112571.0,2020-1-19 6:56
20190701,70313.0,65725.0,5137384.0,2020-1-19 6:59
20190702,81012.0,75742.0,5164579.0,2020-1-19 7:02
20190703,90961.0,85213.0,5190050.0,2020-1-19 7:08
20190704,89259.0,83418.0,5214194.0,2020-1-19 7:12
20190705,81915.0,76714.0,5243206.0,2020-1-19 7:17
20190706,59488.0,55766.0,5256255.0,2020-1-19 7:20
20190707,50069.0,46543.0,5267205.0,2020-1-19 7:24
20190708,68252.0,63941.0,5289040.0,2020-1-19 7:28
20190709,68404.0,63865.0,5309711.0,2020-1-19 7:31
20190710,65791.0,61493.0,5332554.0,2020-1-19 7:35
20190711,64985.0,60740.0,5355422.0,2020-1-19 7:39
20190712,66060.0,61956.0,5381208.0,2020-1-19 7:43
20190713,43468.0,40253.0,5391897.0,2020-1-19 7:46
20190714,42048.0,39011.0,5400796.0,2020-1-19 7:50
20190715,64525.0,60502.0,5423794.0,2020-1-19 7:54
20190716,63645.0,59680.0,5445836.0,2020-1-19 7:58
20190717,67751.0,63889.0,5469023.0,2020-1-19 8:01
20190718,68121.0,64174.0,5492885.0,2020-1-19 8:06
20190719,65490.0,61156.0,5515859.0,2020-1-19 8:10
20190720,54069.0,50539.0,5529974.0,2020-1-19 8:14
20190721,56695.0,53158.0,5545206.0,2020-1-19 8:18
20190722,76840.0,72193.0,5570494.0,2020-1-19 8:22
20190723,81446.0,76458.0,5598367.0,2020-1-19 8:25
20190724,91753.0,86690.0,5627083.0,2020-1-19 8:30
20190725,95554.0,90241.0,5655478.0,2020-1-19 8:34
20190726,93191.0,87695.0,5682397.0,2020-1-19 8:37
20190727,72812.0,68429.0,5697521.0,2020-1-19 8:41
20190728,70370.0,66068.0,5712063.0,2020-1-19 8:45
20190729,96698.0,91308.0,5739000.0,2020-1-19 8:49
20190730,91147.0,85823.0,5760927.0,2020-1-19 8:53
20190731,97996.0,92479.0,5808411.0,2020-1-19 8:57
20190801,94380.0,88532.0,5830531.0,2020-1-19 9:01
20190802,110171.0,103736.0,5855331.0,2020-1-19 9:05
20190803,108488.0,102367.0,5870566.0,2020-1-19 9:11
20190804,98803.0,92937.0,5883268.0,2020-1-19 9:16
20190805,118171.0,111314.0,5909799.0,2020-1-19 9:20
20190806,111417.0,105032.0,5936614.0,2020-1-19 9:25
20190807,90236.0,84494.0,5959142.0,2020-1-19 9:28
20190808,85803.0,80351.0,5980534.0,2020-1-19 9:32
20190809,75797.0,70885.0,5993230.0,2020-1-19 9:37
20190810,86725.0,60546.0,6071204.0,2020-1-19 9:42
20190811,86315.0,59430.0,6081046.0,2020-1-19 9:46
20190812,115654.0,81972.0,6100476.0,2020-1-19 9:51
20190813,104367.0,72096.0,6118384.0,2020-1-19 9:57
20190814,105093.0,72764.0,6135466.0,2020-1-19 10:12
20190815,106364.0,73648.0,6154404.0,2020-1-19 10:18
20190816,102114.0,71148.0,6172824.0,2020-1-19 10:23
20190817,79327.0,53990.0,6181876.0,2020-1-19 10:26
20190818,78265.0,53340.0,6191070.0,2020-1-19 10:30
20190819,106323.0,74414.0,6211722.0,2020-1-19 10:34
20190820,107846.0,75842.0,6233442.0,2020-1-19 10:39
20190821,99705.0,69244.0,6251900.0,2020-1-19 10:42
20190822,102705.0,71316.0,6273898.0,2020-1-19 10:46
20190823,78430.0,73332.0,6285692.0,2020-1-19 10:51
20190824,59149.0,55058.0,6291796.0,2020-1-19 10:55
20190825,55473.0,51502.0,6297602.0,2020-1-19 11:00
20190826,71182.0,64816.0,6310826.0,2020-1-19 11:03
20190827,88784.0,76708.0,6325336.0,2020-1-19 11:09
20190828,99299.0,69712.0,6347454.0,2020-1-19 11:14
20190829,92593.0,64712.0,6370458.0,2020-1-19 11:18
20190830,85492.0,58492.0,6391750.0,2020-1-19 11:22
20190831,67761.0,45200.0,6403766.0,2020-1-19 11:27
20190901,77016.0,51934.0,6410154.0,2020-1-19 11:31
20190902,122005.0,85722.0,6426176.0,2020-1-19 11:35
20190903,135786.0,99088.0,6447614.0,2020-1-19 11:40
20190904,153828.0,106196.0,6478474.0,2020-1-19 11:44
20190905,142961.0,101374.0,6503338.0,2020-1-19 11:48
20190906,107116.0,73192.0,6523276.0,2020-1-19 11:52
20190907,90561.0,60984.0,6534904.0,2020-1-19 11:56
20190908,79641.0,52520.0,6544876.0,2020-1-19 12:00
20190909,113042.0,74552.0,6570972.0,2020-1-19 12:04
20190910,122751.0,81488.0,6601428.0,2020-1-19 12:10
20190911,127970.0,82998.0,6636886.0,2020-1-19 12:15
20190912,136269.0,87190.0,6675682.0,2020-1-19 12:19
20190913,92447.0,59840.0,6691654.0,2020-1-19 12:23
20190914,87186.0,55882.0,6703906.0,2020-1-19 12:27
20190915,84884.0,54708.0,6714880.0,2020-1-19 12:32
20190916,133497.0,86242.0,6752548.0,2020-1-19 12:35
20190917,135098.0,83544.0,6794436.0,2020-1-19 12:40
20190918,142864.0,89488.0,6847744.0,2020-1-19 12:45
20190919,154813.0,94026.0,6920716.0,2020-1-19 12:49
20190920,176065.0,102436.0,7009488.0,2020-1-19 12:53
20190921,134939.0,80406.0,7064936.0,2020-1-19 12:57
20190922,138490.0,81000.0,7123068.0,2020-1-19 13:02
20190923,212082.0,111358.0,7241834.0,2020-1-19 13:07
20190924,248066.0,100704.0,7403634.0,2020-1-19 13:12
20190925,283153.0,83384.0,7624086.0,2020-1-19 13:17
20190926,294560.0,79370.0,7867528.0,2020-1-19 13:21
20190927,293937.0,75636.0,8120048.0,2020-1-19 13:25
20190928,231891.0,97700.0,8302162.0,2020-1-19 13:29
20190929,261414.0,86642.0,8493452.0,2020-1-19 13:33
20190930,201637.0,105404.0,8555402.0,2020-1-19 13:37
20191001,137670.0,80356.0,8588610.0,2020-1-19 13:41
20191002,137657.0,85024.0,8604144.0,2020-1-19 13:45
20191003,136613.0,85260.0,8616624.0,2020-1-19 13:49
20191004,141596.0,89570.0,8628122.0,2020-1-19 13:52
20191005,144721.0,92464.0,8639702.0,2020-1-19 13:56
20191006,141925.0,91178.0,8651488.0,2020-1-19 14:00
20191007,140297.0,88510.0,8664794.0,2020-1-19 14:06
20191008,191821.0,118434.0,8701574.0,2020-1-19 14:11
20191009,225696.0,130586.0,8752740.0,2020-1-19 14:15
20191010,218788.0,110312.0,8808474.0,2020-1-19 14:19
20191011,264325.0,95628.0,8970656.0,2020-1-19 14:23
20191012,271067.0,94130.0,9159928.0,2020-1-19 14:28
20191013,214389.0,112468.0,9294444.0,2020-1-19 14:32
20191014,273987.0,141914.0,9476798.0,2020-1-19 14:36
20191015,315395.0,200536.0,9730442.0,2020-1-19 14:40
20191016,359572.0,202034.0,10031510.0,2020-1-19 14:44
20191017,380996.0,64202.0,10363520.0,2020-1-19 14:49
20191018,378864.0,67148.0,10672358.0,2020-1-19 14:53
20191019,216526.0,133952.0,10883594.0,2020-1-19 14:57
20191020,190461.0,120266.0,11073008.0,2020-1-19 15:01
20191021,252948.0,139014.0,11312802.0,2020-1-19 15:07
20191022,268863.0,139816.0,11589172.0,2020-1-19 15:12
20191023,283635.0,134852.0,11887792.0,2020-1-19 15:16
20191024,270003.0,125938.0,12194164.0,2020-1-19 15:20
20191025,276793.0,124034.0,12505628.0,2020-1-19 15:25
20191026,188863.0,114050.0,12721470.0,2020-1-19 15:30
20191027,180665.0,109464.0,12919232.0,2020-1-19 15:34
20191028,262451.0,132158.0,13203914.0,2020-1-19 15:38
20191029,334904.0,125970.0,13622344.0,2020-1-19 15:42
20191030,338936.0,111162.0,14038792.0,2020-1-19 15:47
20191031,341678.0,128002.0,14396002.0,2020-1-19 15:51
20191101,251007.0,147178.0,14594392.0,2020-1-19 15:55
20191102,202546.0,138468.0,14742582.0,2020-1-19 16:00
20191103,211024.0,146012.0,14885806.0,2020-1-19 16:05
20191104,307764.0,146330.0,15137324.0,2020-1-19 16:11
20191105,338223.0,141038.0,15420840.0,2020-1-19 16:16
20191106,318661.0,134510.0,15688970.0,2020-1-19 16:20
20191107,385416.0,131360.0,16073994.0,2020-1-19 16:25
20191108,301932.0,109320.0,16351802.0,2020-1-19 16:29
20191109,298356.0,154786.0,16606024.0,2020-1-19 16:34
20191110,275047.0,144908.0,16834114.0,2020-1-19 16:38
20191111,408131.0,121842.0,17200110.0,2020-1-19 16:42
20191112,498443.0,124172.0,17666530.0,2020-1-19 16:47
20191113,548488.0,80662.0,18176084.0,2020-1-19 16:51
20191114,560195.0,32628.0,18722588.0,2020-1-19 16:56
20191115,581947.0,49906.0,19283886.0,2020-1-19 17:00
20191116,414340.0,12.0,19658588.0,2020-1-19 17:07
20191117,444728.0,22.0,20016726.0,2020-1-19 17:12
20191118,604445.0,47676.0,20536286.0,2020-1-19 17:17
20191119,563349.0,81432.0,21066966.0,2020-1-19 17:22
20191120,603370.0,48868.0,21662660.0,2020-1-19 17:27
20191121,643432.0,47530.0,22292906.0,2020-1-19 17:32
20191122,635204.0,133936.0,22917520.0,2020-1-19 17:37
20191123,573916.0,315528.0,23458410.0,2020-1-19 17:42
20191124,394244.0,287036.0,23863116.0,2020-1-19 17:47
20191125,726165.0,404632.0,24516652.0,2020-1-19 17:51
20191126,824962.0,468472.0,25293112.0,2020-1-19 17:56
20191127,928637.0,520582.0,26164438.0,2020-1-19 18:01
20191128,1043505.0,511026.0,27114974.0,2020-1-19 18:07
20191129,1088865.0,611996.0,28179746.0,2020-1-19 18:12
20191130,1144415.0,486074.0,28917678.0,2020-1-19 18:17
20191201,862077.0,412326.0,29409793.0,2020-1-19 18:22
20191202,1163813.0,527034.0,30127084.0,2020-1-19 18:27
20191203,1335662.0,622630.0,30970774.0,2020-1-19 18:32
20191204,1591307.0,756234.0,31946702.0,2020-1-19 18:37
20191205,1798502.0,28548.0,33077388.0,2020-1-19 18:42
20191206,1496541.0,604826.0,34021718.0,2020-1-19 18:47
20191207,1260290.0,482388.0,34710966.0,2020-1-19 18:52
20191208,1141900.0,457248.0,35309054.0,2020-1-19 18:57
20191209,1542495.0,606594.0,36203870.0,2020-1-19 19:02
20191210,1371445.0,586620.0,36970024.0,2020-1-19 19:08
20191211,1328271.0,599196.0,37791420.0,2020-1-19 19:14
20191212,1356590.0,610778.0,38615049.0,2020-1-19 19:19
20191213,1400434.0,598714.0,39448713.0,2020-1-19 19:24
20191214,1635992.0,755130.0,40028465.0,2020-1-19 19:30
20191215,1324008.0,129628.0,40507097.0,2020-1-19 19:35
20191216,1625435.0,697212.0,41189053.0,2020-1-19 19:41
20191217,1661871.0,708453.0,41981565.0,2020-1-19 19:47
20191218,1723804.0,718796.0,42819025.0,2020-1-19 19:52
20191219,1778392.0,590778.0,43679389.0,2020-1-19 19:58
20191220,1770653.0,494756.0,44500318.0,2020-1-19 20:03
20191221,1298760.0,371688.0,44987202.0,2020-1-19 20:10
20191222,1331373.0,373544.0,45478776.0,2020-1-19 20:15
20191223,1705567.0,474943.0,46218240.0,2020-1-19 20:21
20191224,1615727.0,474726.0,46943534.0,2020-1-19 20:27
20191225,1548287.0,476568.0,47637754.0,2020-1-19 20:33
20191226,1436496.0,473054.0,48336542.0,2020-1-19 20:38
20191227,1363848.0,450102.0,48977752.0,2020-1-19 20:44
20191228,1156564.0,373560.0,49469166.0,2020-1-19 20:50
20191229,1092034.0,364652.0,49893060.0,2020-1-19 20:56
20191230,1269629.0,433596.0,50382160.0,2020-1-19 21:01
20191231,1187659.0,408052.0,50815942.0,2020-1-19 21:09
20200101,834570.0,308226.0,50954738.0,2020-1-19 21:15
20200102,1104093.0,446688.0,51251926.0,2020-1-19 21:22
20200103,1234660.0,520426.0,51650000.0,2020-1-19 21:27
20200104,1123923.0,497110.0,51965524.0,2020-1-19 21:34
20200105,1124628.0,500240.0,52261642.0,2020-1-19 21:40
20200106,1251339.0,564760.0,52595620.0,2020-1-19 21:46
20200107,1290259.0,555964.0,52949822.0,2020-1-19 21:52
20200108,1323452.0,564920.0,53353750.0,2020-1-19 21:58
20200109,1398416.0,557162.0,53693736.0,2020-1-19 22:06
20200110,1332093.0,537532.0,53986042.0,2020-1-19 22:13
20200111,1234520.0,485354.0,54204816.0,2020-1-19 22:19
20200112,1078071.0,470702.0,54417396.0,2020-1-19 22:26
20200113,1284019.0,533316.0,54712286.0,2020-1-19 22:32
20200114,1413546.0,518056.0,55039946.0,2020-1-19 22:38
20200115,1455787.0,530122.0,55315060.0,2020-1-19 22:44
20200116,1463838.0,595540.0,55641668.0,2020-1-17 6:53
20200117,1530382.0,628304.0,55935634.0,2020-1-18 6:47
20200118,1415852.0,575486.0,56178152.0,2020-1-20 14:50
20200119,1449160.0,598992.0,56445178.0,2020-1-20 8:27
20200120,1552086.0,622436.0,56752400.0,2020-1-21 6:43
20200121,1425776.0,581002.0,57023202.0,2020-1-22 6:45
20200122,1468940.0,570138.0,57275668.0,2020-1-23 6:42
20200123,1385844.0,533210.0,57497498.0,2020-1-24 6:42
20200124,1312721.0,436036.0,57633588.0,2020-1-25 6:40
20200125,1161703.0,386698.0,57731810.0,2020-1-26 6:41
20200126,1231802.0,437196.0,57849878.0,2020-1-27 6:43
20200127,1306805.0,474696.0,57989688.0,2020-1-28 6:41
20200128,1417154.0,503928.0,58155634.0,2020-1-29 6:39
20200129,1409679.0,507210.0,58308248.0,2020-1-30 6:42
20200130,1439271.0,523064.0,58464908.0,2020-1-31 6:41
20200131,1553690.0,459086.0,58639294.0,2020-2-1 6:42
20200201,1551362.0,455052.0,58735532.0,2020-2-2 6:43
20200202,1630875.0,515306.0,58969918.0,2020-2-3 6:46
20200203,1689453.0,540290.0,59155722.0,2020-2-4 6:45
20200204,1795134.0,586170.0,59382854.0,2020-2-5 6:43
20200205,1787270.0,581284.0,59621476.0,2020-2-6 6:43
20200206,1799330.0,583636.0,59860692.0,2020-2-7 6:44
20200207,1817838.0,575384.0,60116176.0,2020-2-8 6:43
20200208,1765505.0,550660.0,60325026.0,2020-2-9 6:44
20200209,1825989.0,580914.0,60563670.0,2020-2-10 6:45
20200210,1875085.0,596428.0,60844640.0,2020-2-11 6:44
20200211,1988672.0,617750.0,61185714.0,2020-2-12 6:41
20200212,2005046.0,612790.0,61566312.0,2020-2-13 6:44
20200213,2045062.0,421094.0,61987490.0,2020-2-14 6:44
20200214,2100950.0,431130.0,62386646.0,2020-2-15 6:44
20200215,2103576.0,434610.0,62766980.0,2020-2-16 6:51
20200216,2082586.0,412260.0,63135928.0,2020-2-17 6:45
20200217,2278197.0,429856.0,63605158.0,2020-2-18 6:45
20200218,2338224.0,431542.0,64112404.0,2020-2-19 6:41
20200219,2522561.0,450058.0,64698164.0,2020-2-20 6:44
20200220,2719530.0,465102.0,65410998.0,2020-2-21 6:44
20200221,2785084.0,462820.0,66166452.0,2020-2-22 6:46
20200222,2774374.0,445782.0,66814484.0,2020-2-23 6:50
20200223,2803198.0,436658.0,67413700.0,2020-2-24 6:48
20200224,2997385.0,471162.0,68021832.0,2020-2-25 6:46
20200225,3142369.0,894662.0,68719156.0,2020-2-26 6:47
20200226,3199523.0,935328.0,69447092.0,2020-2-27 6:46
20200227,3291702.0,973734.0,70173808.0,2020-2-28 6:52
20200228,3392831.0,997604.0,70985396.0,2020-2-29 6:47
20200229,3352902.0,954372.0,71712312.0,2020-3-1 6:51
20200301,3385862.0,914278.0,72377712.0,2020-3-2 6:49
20200302,3711518.0,1030566.0,73121620.0,2020-3-3 6:48
20200303,3801244.0,1039400.0,73819184.0,2020-3-4 6:54
20200304,3693773.0,1195104.0,74762818.0,2020-3-5 7:02
20200305,3995631.0,1270256.0,75822882.0,2020-3-6 7:14
20200306,4104184.0,1316524.0,76932852.0,2020-3-7 6:50
20200307,4103198.0,1202130.0,77918034.0,2020-3-8 6:47
20200308,4006267.0,1124716.0,78781784.0,2020-3-9 6:54
20200309,4416619.0,1312702.0,79868140.0,2020-3-10 6:51
20200310,4577820.0,800948.0,81097972.0,2020-3-11 6:45
20200311,4580044.0,24.0,82318052.0,2020-3-12 6:45
20200312,4722423.0,88.0,83614554.0,2020-3-13 6:42
20200313,4143112.0,386960.0,84843444.0,2020-3-14 6:46
20200314,3760034.0,55174.0,85855726.0,2020-3-15 6:48
20200315,3756621.0,68296.0,86721528.0,2020-3-16 6:44
20200316,3680010.0,247292.0,87762174.0,2020-3-17 6:39
20200317,4166709.0,909208.0,88891478.0,2020-3-18 6:43
20200318,4191393.0,1038004.0,90036438.0,2020-3-19 6:47
20200319,4099742.0,1052958.0,91224410.0,2020-3-20 6:47
20200320,4253500.0,1050580.0,92502768.0,2020-3-21 6:45
20200321,3895421.0,874398.0,93518770.0,2020-3-22 6:38
20200322,3865167.0,802808.0,94354946.0,2020-3-23 6:42
20200323,4162578.0,1009244.0,95452162.0,2020-3-24 6:41
20200324,3699734.0,946594.0,96634600.0,2020-3-25 6:51
20200325,2775331.0,734570.0,97759360.0,2020-3-26 6:46
20200326,4523715.0,871906.0,99062982.0,2020-3-27 6:47
20200327,4430776.0,215972.0,100634888.0,2020-3-28 6:52
20200328,3987468.0,915830.0,101666714.0,2020-3-29 6:56
20200329,3759308.0,852714.0,102554250.0,2020-3-30 6:49
20200330,4382364.0,0.0,103915716.0,2020-3-31 6:47
20200331,4626697.0,0.0,105350582.0,2020-4-1 6:48
20200401,4817269.0,0.0,106548733.0,2020-4-2 6:51
20200402,4576988.0,1065281.0,110683895.0,2020-4-3 7:10
20200403,1155724.0,1087737.0,111695247.0,2020-4-4 10:30
20200404,974156.0,901764.0,112417281.0,2020-4-5 7:01
20200405,864525.0,809877.0,113139721.0,2020-4-6 6:54
20200406,4633972.0,805915.0,114111203.0,2020-4-7 6:55
20200407,5010298.0,1066088.0,115088970.0,2020-4-8 7:18
20200408,4939617.0,1105495.0,116151791.0,2020-4-9 7:06
20200409,5121567.0,962682.0,114153646.0,2020-4-10 6:50
20200410,5087882.0,1095366.0,115276698.0,2020-4-11 6:46
20200411,4651167.0,844144.0,116107372.0,2020-4-12 6:50
20200412,4603002.0,771190.0,112169392.0,2020-4-13 6:49
20200413,5151484.0,1018828.0,117907030.0,2020-4-14 6:47
20200414,5230854.0,1016230.0,119029706.0,2020-4-15 6:48
20200415,5337644.0,1022764.0,120171062.0,2020-4-16 6:48
20200416,5291143.0,983254.0,121264918.0,2020-4-17 6:46
20200417,5460651.0,972008.0,122276172.0,2020-4-18 6:45
20200418,5039707.0,774116.0,123055434.0,2020-4-19 6:47
20200419,4820087.0,740290.0,123743312.0,2020-4-20 6:47
20200420,5535472.0,973902.0,124785700.0,2020-4-21 6:41
20200421,5725999.0,983556.0,125939966.0,2020-4-22 6:42
20200422,5782358.0,1031780.0,127177130.0,2020-4-23 6:42
20200423,6045074.0,1031046.0,128417556.0,2020-4-24 6:54
20200424,6263924.0,977052.0,129635714.0,2020-4-25 6:56
20200425,5703122.0,769142.0,130520490.0,2020-4-26 6:52
20200426,6215483.0,920724.0,131625716.0,2020-4-27 6:58
20200427,6351190.0,997558.0,132917660.0,2020-4-28 6:52
20200428,6483152.0,999340.0,134240288.0,2020-4-29 6:52
20200429,6384136.0,986538.0,135480620.0,2020-4-30 6:58
20200430,3009832.0,921002.0,136405974.0,2020-5-1 6:55
20200501,2991028.0,679460.0,137021052.0,2020-5-2 6:57
20200502,1063533.0,679872.0,137524750.0,2020-5-3 7:00
20200503,5641138.0,723572.0,138065780.0,2020-5-4 7:07
20200504,5451672.0,726320.0,138574194.0,2020-5-5 7:04
20200505,5376133.0,722854.0,139082070.0,2020-5-6 6:57
20200506,5605298.0,865056.0,139801196.0,2020-5-7 7:02
20200507,5863171.0,784082.0,140522240.0,2020-5-8 7:02
20200508,5808278.0,615644.0,141294300.0,2020-5-9 7:04
20200509,5534779.0,335628.0,141997496.0,2020-5-10 6:57
20200510,5320636.0,292490.0,142622810.0,2020-5-11 6:57
20200511,5760366.0,680990.0,143425486.0,2020-5-12 7:01
20200512,6034534.0,849026.0,144253868.0,2020-5-13 7:06
20200513,5923085.0,920860.0,145126286.0,2020-5-14 7:01
20200514,5922695.0,936198.0,146071246.0,2020-5-15 7:09
20200515,6088215.0,931004.0,146870546.0,2020-5-16 7:30
20200516,6018467.0,746974.0,147635614.0,2020-5-17 7:07
20200517,6254053.0,706472.0,148248160.0,2020-5-18 7:09
20200518,5881537.0,912054.0,149083330.0,2020-5-19 7:16
20200519,6892715.0,958372.0,148242674.0,2020-5-20 7:17
20200520,6600959.0,956562.0,151371382.0,2020-5-21 7:35
20200521,6840747.0,982992.0,152352652.0,2020-5-22 7:34
20200522,6935580.0,940280.0,153231192.0,2020-5-23 7:29
20200523,6416538.0,745594.0,153870094.0,2020-5-24 7:29
20200524,6644460.0,682794.0,154442082.0,2020-5-25 7:30
20200525,7011179.0,894832.0,155223500.0,2020-5-26 7:54
20200526,7142855.0,966018.0,156178764.0,2020-5-27 7:58
20200527,7457734.0,1017778.0,157203986.0,2020-5-28 8:03
20200528,7281930.0,1032946.0,158183004.0,2020-5-29 8:14
20200529,6994085.0,972288.0,159111782.0,2020-5-30 9:32
20200530,6729056.0,799736.0,159841684.0,2020-5-31 7:57
20200531,0.0,786502.0,160449718.0,2020-6-1 7:51
20200601,6907669.0,836118.0,161007562.0,2020-6-2 8:56
20200602,7280701.0,905304.0,161660624.0,2020-6-3 9:36
20200603,7631556.0,982464.0,162360214.0,2020-6-4 10:52
20200604,7516420.0,976792.0,162970726.0,2020-6-6 0:16
20200605,7890425.0,962948.0,163685010.0,2020-6-6 9:24
20200606,7687033.0,817390.0,164193808.0,2020-6-7 9:20
20200607,7588020.0,755646.0,164632946.0,2020-6-8 9:00
20200608,8003538.0,967182.0,165274984.0,2020-6-9 8:41
20200609,7818128.0,962722.0,165979776.0,2020-6-10 8:58
20200610,9291313.0,2138852.0,166764830.0,2020-6-11 9:34
20200611,9596721.0,2211482.0,167504804.0,2020-6-12 9:27
20200612,8592937.0,948190.0,168223630.0,2020-6-13 9:30
20200613,7835548.0,369116.0,168746462.0,2020-6-14 8:59
20200614,7609982.0,83912.0,169209550.0,2020-6-15 10:14
20200615,8143282.0,24532.0,169825814.0,2020-6-16 10:16
20200616,8614592.0,1954.0,170428938.0,2020-6-17 9:33
20200617,8614897.0,4.0,171218802.0,2020-6-18 9:07
20200618,8355937.0,8.0,171793206.0,2020-6-19 8:02
20200619,8003944.0,3866.0,172419716.0,2020-6-20 8:33
20200620,4089904.0,386.0,173214626.0,2020-6-21 8:34
20200621,7803499.0,12.0,173795456.0,2020-6-22 8:21
20200622,7925086.0,12.0,174629196.0,2020-6-23 8:46
20200623,8326936.0,230200.0,175485900.0,2020-6-24 9:10
20200624,8002361.0,214346.0,176280216.0,2020-6-25 8:26
20200625,7868857.0,4188.0,176897828.0,2020-6-26 8:36
20200626,8602802.0,1120414.0,177526618.0,2020-6-27 9:23
20200627,10079123.0,2995026.0,178099818.0,2020-6-28 9:47
20200629,11927819.0,4683164.0,179776234.0,2020-7-3 15:07
20200630,13000599.0,4569224.0,180586962.0,2020-7-1 10:23
20200701,12258497.0,4142578.0,181116414.0,2020-7-2 10:10
20200702,9835301.0,3646.0,181641048.0,2020-7-3 10:05
20200703,11795670.0,3965348.0,182047220.0,2020-7-4 9:09
20200704,11220939.0,3536724.0,182438372.0,2020-7-5 9:45
20200705,11614769.0,3413924.0,182790918.0,2020-7-6 8:17
20200706,12416119.0,3977438.0,183287944.0,2020-7-7 8:19
20200707,12557392.0,3792490.0,183794896.0,2020-7-8 8:53
20200708,12234440.0,3874430.0,184371784.0,2020-7-9 8:22
20200709,12452853.0,3964478.0,184948938.0,2020-7-10 8:54
20200710,12647051.0,4096654.0,185567080.0,2020-7-11 8:42
20200711,11839786.0,3325362.0,185945098.0,2020-7-12 8:27
20200712,11574689.0,3246386.0,186277230.0,2020-7-13 8:57
20200713,12672140.0,3697804.0,186801012.0,2020-7-14 8:57
20200714,12610317.0,3837024.0,187382144.0,2020-7-15 9:03
20200715,12873451.0,3829954.0,187958238.0,2020-7-16 9:20
20200716,12431459.0,3823228.0,188527760.0,2020-7-17 9:20
20200717,12027694.0,3867824.0,189008664.0,2020-7-18 9:50
20200718,11674692.0,3289842.0,189406984.0,2020-7-19 9:05
20200719,11636456.0,3258700.0,189759174.0,2020-7-20 9:03
20200720,9914594.0,3775748.0,190306280.0,2020-7-21 9:24
20200724,4243930.0,0.0,25992112.0,2020-7-25 9:56
20200725,7498234.0,3525823.0,192885271.0,2020-7-26 9:31
20200726,7401703.0,3349206.0,193262513.0,2020-7-27 10:15
20200727,10035101.0,3912044.0,193896364.0,2020-7-28 10:19
20200728,8208671.0,3952498.0,194523988.0,2020-7-29 9:58
20200731,8281013.0,3819628.0,196328110.0,2020-8-1 10:02
20200803,10509336.0,4956142.0,26359622.0,2020-8-4 8:08
20200804,10167640.0,4940120.0,197878102.0,2020-8-5 8:15
20200805,10834837.0,4914530.0,198372390.0,2020-8-6 7:49
20200806,11003431.0,4896520.0,198956590.0,2020-8-7 7:48
20200807,11014900.0,4644400.0,199458114.0,2020-8-8 7:46
20200808,7683827.0,2469788.0,199852300.0,2020-8-9 8:00
20200810,10471869.0,5007440.0,200779416.0,2020-8-11 8:40
20200811,10138424.0,4828088.0,201337546.0,2020-8-12 8:37
20200812,8743291.0,4538496.0,201888012.0,2020-8-13 8:56
20200813,4593895.0,4604408.0,202484742.0,2020-8-14 8:40
20200814,9454553.0,4651556.0,203128720.0,2020-8-15 9:11
20200815,9263033.0,4329204.0,203588122.0,2020-8-16 8:47
20200817,9930539.0,6054170.0,204659474.0,2020-10-8 14:38
20200819,9717285.0,4557852.0,205849520.0,2020-8-20 7:22
20200820,8969495.0,4394280.0,206725526.0,2020-8-21 7:19
20200821,9993952.0,4193362.0,207468844.0,2020-8-22 7:02
20200822,9252878.0,3890658.0,208076722.0,2020-8-23 7:26
20200823,8610971.0,3799278.0,208598774.0,2020-8-24 7:36
20200824,9618732.0,4060322.0,209290200.0,2020-8-25 7:28
20200825,9124958.0,4161570.0,209967410.0,2020-8-26 8:09
20200826,9462942.0,4353256.0,210780064.0,2020-8-27 7:30
20200827,9219613.0,4251236.0,211554296.0,2020-8-28 7:33
20200828,8899520.0,4254870.0,212320034.0,2020-8-29 7:26
20200829,8336686.0,3869958.0,212980238.0,2020-8-30 7:42
20200830,8195847.0,2881070.0,213565876.0,2020-8-31 7:05
20200831,8844648.0,3868688.0,214332144.0,2020-9-1 7:42
20200901,8793416.0,4149198.0,214804846.0,2020-9-2 7:44
20200902,9226617.0,4171688.0,215330034.0,2020-9-3 8:08
20200903,9157063.0,4429786.0,215863436.0,2020-9-4 8:10
20200904,8901080.0,4422808.0,216402542.0,2020-9-5 7:52
20200905,8034001.0,3748438.0,216787050.0,2020-9-6 6:54
20200906,7885316.0,3666600.0,217126214.0,2020-9-7 6:53
20200907,7926275.0,4232332.0,217611740.0,2020-9-8 6:56
20200908,8774990.0,4198342.0,218134664.0,2020-9-9 6:54
20200909,8382148.0,4242734.0,218709012.0,2020-9-10 6:54
20200910,9252693.0,5051472.0,219314354.0,2020-9-11 6:48
20200911,7281164.0,4024688.0,219808874.0,2020-9-12 6:51
20200912,7943360.0,3474108.0,220230374.0,2020-9-13 6:57
20200913,8297061.0,3413264.0,220606552.0,2020-9-14 6:46
20200914,8950495.0,4003668.0,221165740.0,2020-9-15 6:56
20200915,9495709.0,4016082.0,221728270.0,2020-9-16 6:57
20200916,8848938.0,4036528.0,222351282.0,2020-9-17 6:54
20200917,8575322.0,3937628.0,222929980.0,2020-9-18 6:59
20200918,8655669.0,3709270.0,223509364.0,2020-9-19 7:00
20200919,5644965.0,3295294.0,223933024.0,2020-9-20 6:57
20200920,5427796.0,3219734.0,224293932.0,2020-9-21 7:07
20200921,7670789.0,3810222.0,224828712.0,2020-9-22 7:03
20200922,7777732.0,3755696.0,225417540.0,2020-9-23 7:02
20200923,7879514.0,3728678.0,226056968.0,2020-9-24 7:02
20200924,8127425.0,3683920.0,226686976.0,2020-9-25 6:58
20200925,8055209.0,3941598.0,227363490.0,2020-9-26 7:00
20200926,4229688.0,3987748.0,227831676.0,2020-9-27 7:08
20200927,8524016.0,3761552.0,228411398.0,2020-9-28 7:14
20200928,8337922.0,3413808.0,229047868.0,2020-9-29 9:38
20200929,3568867.0,3558908.0,227033218.0,2020-9-30 7:07
20200930,0.0,3168882.0,230078580.0,2020-10-1 8:34
20201001,6755695.0,3025790.0,230303990.0,2020-10-2 7:06
20201002,7398265.0,3023676.0,230525040.0,2020-10-3 7:32
20201003,7705567.0,3071602.0,230780876.0,2020-10-4 8:06
20201004,8184646.0,3063096.0,231034806.0,2020-10-5 7:22
20201005,8032006.0,2989114.0,231287406.0,2020-10-6 7:18
20201006,8105401.0,3015574.0,231541114.0,2020-10-7 7:34
20201007,8189265.0,2950144.0,231803710.0,2020-10-8 7:14
20201008,8994139.0,3061036.0,232071812.0,2020-10-9 7:12
20201009,9270001.0,3754282.0,232492252.0,2020-10-10 7:29
20201010,10168112.0,4372658.0,233097174.0,2020-10-11 7:39
20201011,7988526.0,3324798.0,233400026.0,2020-10-12 7:34
20201012,0.0,3640462.0,233844608.0,2020-10-13 7:39
20201013,6514211.0,3648932.0,234312510.0,2020-10-14 7:49
20201014,6243455.0,3623700.0,234778362.0,2020-10-15 7:42
20201015,6477069.0,3691994.0,235246410.0,2020-10-16 7:19
20201016,8376696.0,3652352.0,235722874.0,2020-10-17 7:24
20201017,8199060.0,3171384.0,236117632.0,2020-10-18 7:33
20201018,5704129.0,3066240.0,236421606.0,2020-10-19 7:29
20201019,8612286.0,3576360.0,236887886.0,2020-10-20 7:19
20201020,8858003.0,3639456.0,237363222.0,2020-10-21 7:34
20201021,8417724.0,3632288.0,237862578.0,2020-10-22 7:31
20201022,8807640.0,3580386.0,238325962.0,2020-10-23 7:37
20201023,7509260.0,3651834.0,238759966.0,2020-10-24 7:41
20201024,7277932.0,3255212.0,239161782.0,2020-10-25 7:31
20201025,7337045.0,3341040.0,239528464.0,2020-10-26 7:29
20201026,8181620.0,3828456.0,240034538.0,2020-10-27 8:12
20201027,9425930.0,4034222.0,240710202.0,2020-10-28 7:35
20201028,9055428.0,4220954.0,241395890.0,2020-10-29 7:36
20201029,8417375.0,4136200.0,242139690.0,2020-10-30 7:34
20201030,8805102.0,4112268.0,242792914.0,2020-10-31 7:38
20201031,0.0,3836056.0,243217980.0,2020-11-1 7:56
20201101,9315550.0,3862114.0,243534480.0,2020-11-2 7:49
20201102,11731146.0,4342632.0,244036552.0,2020-11-3 7:55
20201103,11539843.0,4595504.0,244585276.0,2020-11-4 9:37
20201104,11566005.0,4676980.0,245160506.0,2020-11-5 7:43
20201105,12085979.0,4840120.0,245857298.0,2020-11-6 7:18
20201106,11827766.0,4793930.0,246485400.0,2020-11-7 7:25
20201107,10594006.0,4331470.0,246997914.0,2020-11-8 7:39
20201108,10795353.0,4159190.0,247365628.0,2020-11-9 7:38
20201109,11433528.0,4839488.0,247974088.0,2020-11-10 7:26
20201110,10538098.0,5309012.0,248685824.0,2020-11-11 7:31
20201111,9687537.0,4951934.0,249405388.0,2020-11-12 7:28
20201112,9789182.0,4891608.0,250084566.0,2020-11-13 7:17
20201113,11918277.0,4842210.0,250878306.0,2020-11-14 7:10
20201114,9863509.0,4396248.0,251426846.0,2020-11-15 7:04
20201115,9636028.0,4336062.0,251923546.0,2020-11-16 7:10
20201116,6033453.0,2548021.0,127872366.0,2020-11-17 7:08
20201117,11095517.0,5096604.0,253274236.0,2020-11-18 7:09
20201118,10482662.0,5201752.0,254019222.0,2020-11-19 7:15
20201119,12120495.0,5036944.0,254808954.0,2020-11-20 7:10
20201120,12012908.0,5040542.0,255496600.0,2020-11-21 7:13
20201121,11996958.0,4818922.0,255946874.0,2020-11-22 7:01
20201122,11799754.0,4804832.0,256448156.0,2020-11-23 7:07
20201123,12512971.0,5438508.0,257087946.0,2020-11-24 7:40
20201124,12687936.0,5475824.0,257767790.0,2020-11-25 7:18
20201125,13074374.0,5580024.0,258475412.0,2020-11-26 7:14
20201126,13193756.0,5648136.0,259196514.0,2020-11-27 7:05
20201127,11596638.0,5665502.0,259789684.0,2020-11-28 7:07
20201128,10532866.0,5195044.0,260180022.0,2020-11-29 7:08
20201129,7166368.0,5153940.0,260621828.0,2020-12-1 16:52
20201130,8424123.0,5835244.0,261157890.0,2020-12-1 7:23
20201201,10262577.0,6032428.0,261668022.0,2020-12-2 7:31
20201202,11091493.0,6135278.0,262122254.0,2020-12-3 7:01
20201203,11894146.0,6207884.0,262444124.0,2020-12-4 7:02
20201204,12954016.0,6244838.0,262793160.0,2020-12-5 7:03
20201205,12083452.0,5701662.0,263074902.0,2020-12-6 7:06
20201206,11750259.0,5548582.0,263329630.0,2020-12-7 7:12
20201207,13119652.0,6228816.0,263646094.0,2020-12-8 7:09
20201208,13906849.0,6454262.0,265432004.0,2020-12-9 7:09
20201209,13933889.0,6515908.0,265854994.0,2020-12-10 7:07
20201210,14632255.0,7647530.0,267250810.0,2020-12-11 7:10
20201211,13905471.0,6494996.0,267833824.0,2020-12-12 7:14
20201212,12329100.0,5739692.0,268266694.0,2020-12-13 7:07
20201213,12617769.0,5823712.0,268643196.0,2020-12-14 7:03
20201214,14310377.0,6653952.0,269168272.0,2020-12-15 7:14
20201215,15280048.0,6604004.0,269706730.0,2020-12-16 6:59
20201216,15186297.0,6554228.0,270250004.0,2020-12-17 7:01
20201217,14171163.0,6578824.0,270798266.0,2020-12-18 7:11
20201218,10431630.0,6484228.0,271345756.0,2020-12-19 7:07
20201219,10147920.0,6060906.0,271789814.0,2020-12-20 7:07
20201220,15368865.0,5872306.0,272014514.0,2020-12-21 7:10
20201221,13670167.0,6358164.0,272587916.0,2020-12-22 7:13
20201222,15173621.0,6562640.0,273318130.0,2020-12-23 7:08
20201223,14665575.0,6634176.0,273934184.0,2020-12-24 7:08
20201224,14361430.0,6361418.0,274525150.0,2020-12-25 7:05
20201225,12079535.0,6294912.0,275091880.0,2020-12-26 7:08
20201226,11673585.0,5800826.0,275531978.0,2020-12-27 7:07
20201227,11716366.0,5794030.0,275893738.0,2020-12-28 7:06
20201228,12764010.0,6413724.0,276394924.0,2020-12-29 7:05
20201229,12724629.0,6576374.0,276898720.0,2020-12-30 7:01
20201230,11861256.0,6415776.0,277374482.0,2020-12-31 7:08
20201231,11477675.0,6236514.0,277744090.0,2021-1-1 7:06
20210101,11787530.0,6173584.0,277947256.0,2021-1-2 7:13
20210102,11749230.0,6225254.0,278124440.0,2021-1-3 7:08
20210103,11659559.0,6332192.0,278303408.0,2021-1-4 7:11
20210104,13797263.0,6989906.0,278606852.0,2021-1-5 7:11
20210105,13762172.0,7067994.0,278917908.0,2021-1-6 7:14
20210106,13923989.0,6974810.0,279224984.0,2021-1-7 7:11
20210107,14145748.0,7057690.0,279523198.0,2021-1-8 7:14
20210108,14041694.0,6839482.0,279812642.0,2021-1-9 7:10
20210109,14188851.0,6427826.0,280054368.0,2021-1-10 7:10
20210110,14448050.0,6925290.0,280376116.0,2021-1-11 7:05
20210111,14111015.0,6777080.0,280667470.0,2021-1-12 7:03
20210112,12803746.0,6565456.0,280945776.0,2021-1-13 7:18
20210113,13541969.0,6483518.0,281219060.0,2021-1-14 7:08
20210114,13538202.0,6378680.0,281472730.0,2021-1-15 7:02
20210115,13806934.0,6356524.0,281735002.0,2021-1-16 7:07
20210116,13061049.0,5962164.0,281935518.0,2021-1-17 7:08
20210117,12884646.0,5680348.0,282115226.0,2021-1-18 7:00
20210118,13286996.0,6213448.0,282376340.0,2021-1-19 7:08
20210119,8755256.0,2779204.0,32182432.0,2021-1-20 20:21
20210120,11961361.0,6110806.0,282918374.0,2021-1-21 7:24
20210121,11879278.0,6029606.0,283220876.0,2021-1-22 6:55
20210122,11855635.0,5929232.0,283486360.0,2021-1-23 7:19
20210123,11191051.0,5594306.0,283704344.0,2021-1-24 7:11
20210124,11950697.0,5699150.0,283900804.0,2021-1-25 7:11
20210125,12799670.0,6185448.0,284169470.0,2021-1-26 7:32
20210126,12649557.0,5995814.0,284431280.0,2021-1-27 7:07
20210127,12639200.0,5871182.0,284663834.0,2021-1-28 7:32
20210128,12630939.0,5850470.0,284883264.0,2021-1-29 7:23
20210129,12379734.0,5754828.0,285114096.0,2021-1-30 7:13
20210130,12616118.0,5429030.0,285291620.0,2021-1-31 7:09
20210131,12545440.0,5537256.0,285456186.0,2021-2-1 7:07
20210201,13062030.0,7066498.0,286263078.0,2021-2-2 7:23
20210202,13251980.0,6410968.0,286519132.0,2021-2-3 7:35
20210203,13355845.0,6485046.0,286768594.0,2021-2-4 7:12
20210204,13485123.0,6406272.0,287046414.0,2021-2-5 7:09
20210205,13472069.0,6285156.0,287290870.0,2021-2-6 7:09
20210206,13018153.0,5709982.0,287469376.0,2021-2-7 7:33
20210207,13476886.0,6084614.0,287668898.0,2021-2-8 7:00
20210208,13505157.0,6144090.0,287898580.0,2021-2-9 7:04
20210209,13412033.0,6008174.0,288096558.0,2021-2-10 7:14
20210210,13616600.0,6102844.0,288287162.0,2021-2-11 7:15
20210211,12309337.0,4953348.0,288389086.0,2021-2-12 7:08
20210212,11887722.0,4505008.0,288456804.0,2021-2-13 7:04
20210213,11876248.0,4517826.0,288526570.0,2021-2-14 7:11
20210214,11897668.0,4491240.0,288591744.0,2021-2-15 7:12
20210215,12062046.0,4582584.0,288667060.0,2021-2-16 7:11
20210216,11761728.0,4631142.0,288751362.0,2021-2-17 7:17
20210217,11767632.0,4756434.0,288840470.0,2021-2-18 6:52
20210218,12616695.0,5274684.0,288993370.0,2021-2-19 7:11
20210219,12586130.0,5283590.0,289181592.0,2021-2-20 6:54
20210220,12301129.0,5208086.0,289369348.0,2021-2-21 7:15
20210221,11998099.0,4905694.0,289511200.0,2021-2-22 7:12
20210222,12453620.0,5379786.0,289731482.0,2021-2-23 6:55
20210223,12650669.0,5275700.0,289870098.0,2021-2-24 7:06
20210224,12609828.0,5320324.0,290099324.0,2021-2-25 6:54
20210225,13412949.0,5298166.0,290386952.0,2021-2-26 7:09
20210226,12757976.0,5066630.0,290599286.0,2021-2-27 7:11
20210227,12675538.0,4873432.0,290777916.0,2021-2-28 7:11
20210228,12741958.0,5100418.0,290949860.0,2021-3-1 7:10
20210301,13397065.0,5541436.0,291136244.0,2021-3-2 7:13
20210302,12650163.0,5502388.0,291344484.0,2021-3-3 7:10
20210303,12989087.0,5684324.0,291579172.0,2021-3-4 7:22
20210304,12915718.0,5547380.0,291829164.0,2021-3-5 7:15
20210305,13395493.0,5481396.0,292097516.0,2021-3-6 7:23
20210306,12787061.0,5059924.0,292255330.0,2021-3-7 7:12
20210307,12100885.0,4884854.0,292392296.0,2021-3-8 7:21
20210308,13458525.0,5214656.0,292611588.0,2021-3-9 11:21
20210309,13452811.0,5434474.0,292755190.0,2021-3-10 7:06
20210310,13660306.0,5955694.0,293226556.0,2021-3-11 7:06
20210311,13266096.0,5406978.0,293545832.0,2021-3-12 13:08
20210312,13007803.0,5260576.0,293851306.0,2021-3-13 11:03
20210313,12316681.0,4797908.0,294085994.0,2021-3-16 15:15
20210314,12399910.0,4739726.0,294258696.0,2021-3-17 12:32
20210315,12971019.0,5370140.0,294521598.0,2021-3-16 8:20
20210316,12835579.0,5120300.0,294811252.0,2021-3-17 7:10
20210317,12412890.0,5080830.0,295099582.0,2021-3-18 7:15
20210318,10866403.0,5198114.0,295399104.0,2021-3-19 6:44
20210319,8555931.0,4762528.0,295716570.0,2021-3-20 6:55
20210320,7733404.0,3753088.0,295990228.0,2021-3-21 6:54
20210321,7614632.0,3622880.0,296212880.0,2021-3-22 6:52
20210322,10308644.0,4080362.0,296485060.0,2021-3-23 6:48
20210323,10075028.0,4157066.0,296935406.0,2021-3-24 6:56
20210324,10490405.0,5023404.0,297294224.0,2021-3-25 6:58
20210325,10910664.0,5015974.0,297677914.0,2021-3-26 7:12
20210326,10327168.0,5052358.0,298028462.0,2021-3-27 7:01
20210327,10208298.0,4602690.0,298296040.0,2021-3-28 7:01
20210328,10300434.0,4497158.0,298544262.0,2021-3-29 6:50
20210329,10672650.0,5009664.0,298899310.0,2021-3-30 7:08
20210330,12617659.0,5095760.0,299283706.0,2021-3-31 6:56
20210331,11297535.0,5107626.0,299647980.0,2021-4-1 7:01
20210401,11433283.0,5358534.0,299975670.0,2021-4-2 7:04
20210402,10732607.0,5333312.0,300305158.0,2021-4-3 7:06
20210403,8905579.0,4915556.0,300546400.0,2021-4-4 7:03
20210404,6978565.0,4592638.0,300713740.0,2021-4-5 7:02
20210405,6802380.0,4736130.0,300895090.0,2021-4-6 7:14
20210406,8422713.0,5332024.0,301251330.0,2021-4-7 7:17
20210407,9891317.0,5332486.0,301637092.0,2021-4-8 7:11
20210408,9729322.0,5328674.0,302038722.0,2021-4-9 7:05
20210409,9956684.0,5389582.0,302549144.0,2021-4-10 6:57
20210410,9801614.0,5718980.0,302990866.0,2021-4-11 7:27
20210411,8918704.0,4818036.0,303337708.0,2021-4-13 10:15
20210412,9033930.0,5323312.0,303753270.0,2021-4-13 7:04
20210413,9069575.0,5243942.0,304175790.0,2021-4-14 7:23
20210414,9585159.0,5117198.0,304600440.0,2021-4-15 7:16
20210415,8696413.0,5210618.0,305046608.0,2021-4-16 10:31
20210416,8834967.0,5042770.0,305479070.0,2021-4-17 7:22
20210417,8366961.0,4557752.0,305836418.0,2021-4-18 7:23
20210418,7753798.0,4528602.0,306143202.0,2021-4-19 7:15
20210419,8679450.0,5116856.0,306638824.0,2021-4-20 7:07
20210420,9642756.0,5119874.0,307107762.0,2021-4-21 7:25
20210421,9593986.0,5121638.0,307634564.0,2021-4-22 7:20
20210422,8617992.0,5097342.0,308146016.0,2021-4-23 7:22
20210423,7655768.0,4969802.0,308610862.0,2021-4-24 7:14
20210424,7048745.0,4532136.0,308946452.0,2021-4-25 7:06
20210425,7114222.0,4942576.0,309401450.0,2021-4-26 7:20
20210426,7574708.0,4963106.0,309916152.0,2021-4-27 7:24
20210427,7551825.0,4773738.0,310500276.0,2021-4-28 7:20
20210428,7563129.0,4915416.0,311050336.0,2021-4-29 7:03
20210429,7543095.0,4819344.0,311567702.0,2021-4-30 7:24
20210430,7163957.0,4840438.0,312012340.0,2021-5-1 7:26
20210501,0.0,4450640.0,312207352.0,2021-5-2 7:23
20210502,6728783.0,4514922.0,312396178.0,2021-5-3 7:18
20210503,6896651.0,4703500.0,312575102.0,2021-5-4 7:30
20210504,6871284.0,4652668.0,312747118.0,2021-5-5 7:29
20210505,6862655.0,4627670.0,312929444.0,2021-5-6 7:24
20210506,9031794.0,5304694.0,313220202.0,2021-5-7 7:23
20210507,9811680.0,5281936.0,313579472.0,2021-5-8 7:35
20210508,9809435.0,5142746.0,313943826.0,2021-5-9 7:28
20210509,9139871.0,4817708.0,314221594.0,2021-5-10 7:22
20210510,10021274.0,5839110.0,314680532.0,2021-5-11 7:33
20210511,10382300.0,5196950.0,315099914.0,2021-5-12 7:13
20210512,9446415.0,5070850.0,315447908.0,2021-5-13 7:42
20210513,9153672.0,4969774.0,315873016.0,2021-5-14 7:22
20210514,9099190.0,5020944.0,316259346.0,2021-5-15 7:12
20210515,8540428.0,4688854.0,316539606.0,2021-5-16 7:10
20210516,8009509.0,4532184.0,316807540.0,2021-5-17 7:11
20210517,9018563.0,4724696.0,317239416.0,2021-5-18 7:20
20210518,9127972.0,4596140.0,317672028.0,2021-5-19 7:21
20210519,8524661.0,4546442.0,318126588.0,2021-5-20 6:57
20210520,8277901.0,2309248.0,34681974.0,2021-5-21 7:45
20210521,6745772.0,3106204.0,319211200.0,2021-5-22 7:35
20210522,5477900.0,3904992.0,319535008.0,2021-5-23 7:33
20210523,6261934.0,3812814.0,319866124.0,2021-5-24 7:11
20210524,7547438.0,4488810.0,320368994.0,2021-5-25 7:23
20210525,7653177.0,4496558.0,320958134.0,2021-5-26 7:21
20210526,7944354.0,4466218.0,321533342.0,2021-5-27 7:54
20210527,8114032.0,4474662.0,322093182.0,2021-5-28 7:15
20210528,7860317.0,4338446.0,322633020.0,2021-5-29 7:31
20210529,7749281.0,3983368.0,323093278.0,2021-5-30 7:30
20210530,7299359.0,4016854.0,323444746.0,2021-5-31 7:47
20210531,8380561.0,4594092.0,323931690.0,2021-6-1 7:57
20210601,8980079.0,4737224.0,324302410.0,2021-6-2 7:25
20210602,7326721.0,4865456.0,324719638.0,2021-6-3 7:42
20210603,7132664.0,4876832.0,325166616.0,2021-6-4 7:46
20210604,6057881.0,4909712.0,325643948.0,2021-6-5 7:43
20210605,4916102.0,4344142.0,325980882.0,2021-6-6 7:56
20210606,4947098.0,4296448.0,326265538.0,2021-6-7 7:31
20210607,6142841.0,4897200.0,326689536.0,2021-6-8 7:47
20210608,6173661.0,4872690.0,327155394.0,2021-6-9 7:46
20210609,4969610.0,4925392.0,327631862.0,2021-6-10 8:11
20210610,5890555.0,5825454.0,328216238.0,2021-6-11 8:01
20210612,5313336.0,4656434.0,329027348.0,2021-6-13 7:36
20210613,5778901.0,4646316.0,329338614.0,2021-6-14 7:49
20210614,5349106.0,4794844.0,329589244.0,2021-6-15 7:55
20210615,6093413.0,5587700.0,330039362.0,2021-6-16 7:56
20210616,5497184.0,4277548.0,330558358.0,2021-6-17 7:52
20210617,5039042.0,3819646.0,331119786.0,2021-6-18 7:59
20210618,4540350.0,3537912.0,331651294.0,2021-6-19 7:27
20210619,3645245.0,2387278.0,332065842.0,2021-6-20 8:09
20210620,4367550.0,3893216.0,332448256.0,2021-6-21 8:05
20210621,5132931.0,4486812.0,333015888.0,2021-6-22 7:32
20210622,5331137.0,4717992.0,333596654.0,2021-6-23 8:09
20210623,5358836.0,4747470.0,334209860.0,2021-6-24 7:56
20210624,5484427.0,4750706.0,334954206.0,2021-6-25 8:00
20210625,5092308.0,4650868.0,335421272.0,2021-6-26 7:28
20210626,5171324.0,4372350.0,335859048.0,2021-6-27 7:24
20210627,5413709.0,4610178.0,336248768.0,2021-6-28 7:28
20210628,6426577.0,5439208.0,336802228.0,2021-6-29 7:27
20210629,5563087.0,5152538.0,337092102.0,2021-6-30 8:32
20210630,6325653.0,5593320.0,337644514.0,2021-7-1 7:16
20210701,5891379.0,5308498.0,337988864.0,2021-7-2 7:28
20210702,6654644.0,5312112.0,338346732.0,2021-7-3 7:26
20210703,5388831.0,5050058.0,338676160.0,2021-7-4 7:09
20210704,5688058.0,5258988.0,338987012.0,2021-7-5 7:24
20210705,6405247.0,5738150.0,339410274.0,2021-7-6 7:05
20210706,6371051.0,5709164.0,339784444.0,2021-7-7 7:25
20210707,6523751.0,5803258.0,340146208.0,2021-7-8 7:23
20210708,6261527.0,5913464.0,340522092.0,2021-7-9 7:25
20210709,6694637.0,6241276.0,340943576.0,2021-7-10 7:28
20210710,7254681.0,6812560.0,341350874.0,2021-7-11 7:39
20210711,6407487.0,6019770.0,341647664.0,2021-7-12 7:49
20210712,6770708.0,6313424.0,342032170.0,2021-7-13 7:40
20210713,6888642.0,6411502.0,342449612.0,2021-7-14 8:02
20210714,7371702.0,6810782.0,342899716.0,2021-7-15 8:12
20210715,7608236.0,6547472.0,343340644.0,2021-7-16 8:34
20210716,7272607.0,6399260.0,343788068.0,2021-7-17 7:40
20210717,6898456.0,5688770.0,344165128.0,2021-7-18 7:46
20210718,6305561.0,5600986.0,344488570.0,2021-7-19 7:57
20210719,7071315.0,6164120.0,344933110.0,2021-7-20 7:57
20210720,6654867.0,5948852.0,345397366.0,2021-7-21 8:35
20210721,9420576.0,5922752.0,345863638.0,2021-7-22 7:42
20210722,6680091.0,5915016.0,346326732.0,2021-7-23 8:05
20210723,6619383.0,5833268.0,346783958.0,2021-7-24 8:24
20210724,6170655.0,5527864.0,347092462.0,2021-7-25 7:59
20210725,6547271.0,5696878.0,347352970.0,2021-7-26 7:50
20210726,7219530.0,6324980.0,347798104.0,2021-7-27 7:38
20210727,6782128.0,6078390.0,348314580.0,2021-7-28 8:17
20210728,6916701.0,5929522.0,316251788.0,2021-7-29 8:06
20210729,7512446.0,5888070.0,349286732.0,2021-7-30 7:50
20210730,7831407.0,0.0,349697502.0,2021-7-31 7:56
20210731,7311375.0,6107032.0,349957254.0,2021-8-1 8:39
20210801,7809011.0,6524054.0,350140988.0,2021-8-2 7:57
20210802,7872925.0,7086728.0,350483786.0,2021-8-3 8:15
20210804,8145182.0,7380500.0,351279260.0,2021-8-5 8:47
20210805,7776313.0,6927472.0,351669374.0,2021-8-6 9:07
20210806,9432355.0,6748922.0,352059660.0,2021-8-7 8:49
20210807,8932590.0,6300056.0,352331100.0,2021-8-8 8:27
20210808,8627011.0,6031248.0,352572364.0,2021-8-9 8:27
20210809,9691703.0,6950596.0,352949848.0,2021-8-10 9:24
20210810,8306919.0,7585294.0,353472652.0,2021-8-11 8:42
20210811,7054824.0,6536580.0,353890062.0,2021-8-12 8:47
