rate_time,recharge_ele,recharge_num,orders_paid_num
20190901,528.2,16.0,0.0
20190902,643.7999999999998,28.0,0.0
20190903,494.6,39.0,0.0
20190904,360.9200000000001,24.0,0.0
20190905,287.04,28.0,0.0
20190906,591.9200000000001,32.0,0.0
20190907,331.47,27.0,0.0
20190908,1011.4399999999998,38.0,0.0
20190909,604.3599999999999,28.0,0.0
20190910,1008.96,52.0,0.0
20190911,425.24,24.0,0.0
20190912,640.9199999999998,62.0,0.0
20190913,1342.36,60.0,0.0
20190914,874.7199999999999,46.0,0.0
20190915,1027.08,48.0,0.0
20190916,667.5200000000001,24.0,0.0
20190917,762.44,30.0,0.0
20190918,430.80000000000007,12.0,0.0
20190919,616.2399999999999,28.0,0.0
20190920,236.07999999999998,18.0,0.0
20190921,297.24,22.0,0.0
20190922,611.7599999999999,24.0,0.0
20190923,388.52,14.0,0.0
20190924,373.84,20.0,0.0
20190925,350.08000000000004,24.0,0.0
20190926,208.16000000000003,30.0,0.0
20190927,203.0,36.0,0.0
20190928,425.28,36.0,0.0
20190929,1069.1999999999998,73.0,0.0
20190930,1157.28,44.0,0.0
20191001,2166.7599999999993,74.0,0.0
20191002,1424.7200000000005,74.0,0.0
20191003,2008.72,74.0,0.0
20191004,1302.68,50.0,0.0
20191005,1354.1200000000003,56.0,0.0
20191006,2034.52,36.0,0.0
20191007,899.94,38.0,0.0
20191008,1209.2000000000005,64.0,0.0
20191009,610.88,26.0,0.0
20191010,694.8800000000001,36.0,0.0
20191011,421.08,44.0,0.0
20191012,890.4,68.0,0.0
20191013,1064.24,64.0,0.0
20191014,727.4800000000001,32.0,0.0
20191015,1203.3200000000002,76.0,0.0
20191016,620.2,28.0,0.0
20191017,389.4,33.0,0.0
20191018,911.5600000000002,60.0,0.0
20191019,480.40000000000003,42.0,0.0
20191020,403.6399999999999,36.0,0.0
20191021,839.5600000000001,50.0,0.0
20191022,345.87999999999994,34.0,0.0
20191023,478.47999999999996,24.0,0.0
20191024,450.03999999999996,22.0,0.0
20191025,167.71999999999997,28.0,0.0
20191026,745.9999999999999,50.0,0.0
20191027,711.4799999999999,30.0,0.0
20191028,636.12,44.0,0.0
20191029,636.16,36.0,0.0
20191030,250.95999999999995,30.0,0.0
20191031,434.87999999999994,8.0,0.0
20191101,475.28000000000003,45.0,0.0
20191102,827.8800000000001,28.0,0.0
20191103,785.7199999999999,22.0,0.0
20191104,475.56,38.0,0.0
20191105,728.1200000000002,28.0,0.0
20191106,650.0799999999999,20.0,0.0
20191107,426.64000000000004,36.0,0.0
20191108,434.56,36.0,0.0
20191109,712.0400000000001,44.0,0.0
20191110,590.96,40.0,0.0
20191111,675.88,24.0,0.0
20191112,649.2,8.0,0.0
20191113,469.91999999999985,22.0,0.0
20191114,731.5799999999999,36.0,0.0
20191115,1048.9199999999998,68.0,0.0
20191116,785.8400000000001,31.0,0.0
20191117,930.6399999999999,42.0,0.0
20191118,1108.3999999999999,40.0,0.0
20191119,1604.04,94.0,0.0
20191120,939.0799999999999,76.0,0.0
20191121,751.1799999999998,132.0,0.0
20191122,623.2800000000001,110.0,0.0
20191123,1252.4600000000003,68.0,0.0
20191124,934.76,34.0,0.0
20191125,805.94,77.0,0.0
20191126,1282.7999999999997,64.0,0.0
20191127,1779.9199999999998,124.0,0.0
20191128,1165.9399999999998,48.0,0.0
20191129,1062.96,108.0,0.0
20191130,1136.68,92.0,0.0
20191201,1548.7199999999998,76.0,0.0
20191202,612.5199999999998,80.0,0.0
20191203,742.2600000000003,84.0,0.0
20191204,431.6,82.0,0.0
20191205,1110.3800000000003,92.0,0.0
20191206,785.0799999999999,0.0,0.0
20191207,795.4899999999998,0.0,0.0
20191208,610.8000000000001,0.0,0.0
20191209,732.0399999999997,0.0,0.0
20191210,307.0799999999999,0.0,0.0
20191211,346.48,0.0,0.0
20191212,867.0799999999999,0.0,0.0
20191213,718.1999999999999,0.0,0.0
20191214,353.19999999999993,0.0,0.0
20191215,226.01999999999998,0.0,0.0
20191216,568.28,0.0,0.0
20191217,265.56,32.0,0.0
20191218,1097.2600000000002,50.0,0.0
20191219,1427.3,98.0,0.0
20191220,1599.2799999999997,70.0,0.0
20191221,1175.52,92.0,0.0
20191222,1152.08,59.0,0.0
20191223,1295.6999999999998,80.0,0.0
20191224,1328.3999999999999,68.0,0.0
20191225,1139.3200000000002,66.0,0.0
20191226,1288.28,77.0,0.0
20191227,566.3599999999997,52.0,0.0
20191228,1078.7199999999998,67.0,0.0
20191229,798.9700000000001,75.0,0.0
20191230,1275.1199999999997,66.0,0.0
20191231,1665.2999999999995,123.0,0.0
20200101,161320.0,11873.0,1358.0
20200102,720.0,40.0,0.0
20200103,1467.0,91.0,0.0
20200104,1024.0,88.0,8.0
20200105,1199.0,91.0,0.0
20200106,1223.0,94.0,0.0
20200107,1272.0,80.0,0.0
20200108,1629.0,87.0,0.0
20200109,1528.0,108.0,4.0
20200110,2424.0,135.0,4.0
20200111,3172.0,198.0,0.0
20200112,4024.0,180.0,4.0
20200113,2856.0,176.0,8.0
20200114,1472.0,116.0,8.0
20200115,1919.0,153.0,12.0
20200116,2283.0,158.0,0.0
20200117,2213.0,150.0,0.0
20200118,2101.0,151.0,4.0
20200119,2546.0,190.0,0.0
20200120,2352.0,144.0,0.0
20200121,2292.0,183.0,0.0
20200122,2485.0,171.0,4.0
20200123,2815.0,173.0,0.0
20200124,2380.0,160.0,4.0
20200125,1756.0,100.0,0.0
20200126,2312.0,112.0,0.0
20200127,2104.0,160.0,0.0
20200128,1676.0,92.0,0.0
20200129,444.0,36.0,0.0
20200130,924.0,60.0,0.0
20200131,1212.0,64.0,0.0
20200201,961.0,55.0,0.0
20200202,608.0,44.0,0.0
20200203,389.0,39.0,0.0
20200204,437.0,23.0,0.0
20200205,308.0,24.0,4.0
20200206,148.0,16.0,0.0
20200207,280.0,20.0,0.0
20200208,500.0,28.0,0.0
20200209,620.0,32.0,4.0
20200210,107.0,15.0,0.0
20200211,344.0,16.0,0.0
20200212,290.0,15.0,0.0
20200213,372.0,36.0,0.0
20200214,835.0,39.0,0.0
20200215,572.0,64.0,0.0
20200216,620.0,44.0,0.0
20200217,585.0,38.0,0.0
20200218,592.0,67.0,0.0
20200219,447.0,58.0,0.0
20200220,468.0,52.0,0.0
20200221,1212.0,118.0,0.0
20200222,780.0,36.0,0.0
20200223,750.0,46.0,4.0
20200224,432.0,28.0,0.0
20200225,789.0,69.0,4.0
20200226,820.0,68.0,4.0
20200227,918.0,58.0,0.0
20200228,668.0,68.0,0.0
20200229,932.0,67.0,0.0
20200301,1232.0,108.0,0.0
20200303,1365.0,82.0,0.0
20200304,1232.0,72.0,0.0
20200305,2066.0,123.0,4.0
20200306,1168.0,92.0,4.0
20200307,960.0,96.0,4.0
20200308,576.0,71.0,0.0
20200309,1065.0,70.0,0.0
20200310,1963.0,87.0,0.0
20200311,899.0,58.0,0.0
20200312,3156.0,144.0,4.0
20200313,444.0,84.0,28.0
20200314,1360.0,72.0,0.0
20200315,1424.0,72.0,0.0
20200316,1144.0,81.0,4.0
20200317,1399.0,102.0,0.0
20200318,617.0,56.0,0.0
20200319,1564.0,67.0,0.0
20200320,1096.0,96.0,0.0
20200321,1009.0,63.0,0.0
20200322,956.0,100.0,0.0
20200323,2032.0,108.0,0.0
20200324,1391.0,83.0,0.0
20200325,1623.0,99.0,4.0
20200326,1216.0,108.0,0.0
20200327,3370.0,209.0,0.0
20200328,1812.0,144.0,0.0
20200329,1454.0,115.0,0.0
20200330,1712.0,115.0,0.0
20200331,2488.0,172.0,0.0
20200401,1630.0,111.0,0.0
20200403,2355.0,145.0,4.0
20200404,2216.0,164.0,0.0
20200405,2218.0,130.0,0.0
20200406,2142.0,115.0,4.0
20200407,1228.0,103.0,0.0
20200408,1857.0,94.0,0.0
20200409,1352.0,120.0,0.0
20200410,3332.0,212.0,0.0
20200411,2140.0,111.0,0.0
20200412,1832.0,196.0,0.0
20200413,2221.0,207.0,0.0
20200414,1662.0,132.0,0.0
20200415,2263.0,211.0,0.0
20200416,2664.0,225.0,12.0
20200417,2400.0,212.0,0.0
20200418,2060.0,207.0,0.0
20200419,1848.0,164.0,12.0
20200420,2645.0,183.0,0.0
20200421,2978.0,210.0,0.0
20200422,2190.0,139.0,0.0
20200423,1867.0,147.0,0.0
20200424,2092.0,144.0,0.0
20200425,2233.0,125.0,0.0
20200426,1009.0,90.0,0.0
20200427,2287.0,190.0,0.0
20200428,1862.0,143.0,0.0
20200429,1692.0,147.0,0.0
20200430,3294.0,255.0,0.0
20200501,2390.689999999999,130.0,0.0
20200502,3240.0,208.0,0.0
20200503,3905.0,272.0,0.0
20200504,3151.0,215.0,0.0
20200505,2807.0,231.0,0.0
20200506,2228.0,172.0,4.0
20200507,2069.0,135.0,0.0
20200508,1572.0,135.0,0.0
20200509,2171.0,182.0,0.0
20200510,2692.0,232.0,0.0
20200511,2440.0,188.0,0.0
20200512,3420.0,203.0,0.0
20200513,2060.0,176.0,0.0
20200514,2573.0,183.0,7.0
20200515,2625.0,283.0,4.0
20200516,3529.0,218.0,0.0
20200517,3109.0,217.0,0.0
20200518,3317.0,254.0,4.0
20200519,3042.0,214.0,4.0
20200520,3379.0,272.0,3.0
20200521,2842.0,195.0,0.0
20200522,2785.0,193.0,0.0
20200523,3152.0,236.0,0.0
20200524,3272.0,221.0,4.0
20200525,2842.0,184.0,0.0
20200526,2863.0,201.0,0.0
20200527,3494.0,325.0,4.0
20200528,3606.0,214.0,0.0
20200529,2853.0,222.0,0.0
20200530,3494.0,235.0,0.0
20200531,3964.0,292.0,0.0
20200601,4353.959999999999,304.0,0.0
20200602,4316.0,326.0,3.0
20200604,3626.0,236.0,0.0
20200605,2497.0,256.0,0.0
20200606,4555.0,280.0,4.0
20200607,3606.0,270.0,4.0
20200608,2657.0,180.0,0.0
20200609,3572.0,215.0,0.0
20200610,2466.0,190.0,4.0
20200611,2871.0,249.0,8.0
20200612,5261.0,380.0,12.0
20200613,3883.0,275.0,3.0
20200614,3355.0,251.0,4.0
20200615,3479.0,258.0,0.0
20200616,4777.0,349.0,0.0
20200617,4062.0,336.0,4.0
20200618,4638.0,275.0,0.0
20200619,5324.0,316.0,8.0
20200620,5279.0,310.0,8.0
20200621,4437.0,221.0,0.0
20200622,3183.0,222.0,20.0
20200623,3177.0,261.0,0.0
20200624,5400.0,343.0,0.0
20200625,5905.0,420.0,8.0
20200626,5260.0,313.0,4.0
20200627,5355.0,409.0,4.0
20200628,3095.0,214.0,0.0
20200629,4578.0,312.0,0.0
20200630,1095.0,99.0,16.0
20200701,0.0,0.0,0.0
20200702,0.0,0.0,0.0
20200703,0.0,0.0,0.0
20200704,0.0,0.0,0.0
20200705,0.0,0.0,0.0
20200706,0.0,0.0,0.0
20200709,304787.0,20371.0,1405.0
20200710,0.0,0.0,0.0
20200711,0.0,0.0,0.0
20200712,0.0,0.0,0.0
20200713,0.0,0.0,0.0
20200714,0.0,0.0,0.0
20200715,0.0,0.0,0.0
20200716,0.0,0.0,0.0
20200717,1975.0,123.0,0.0
20200718,1368.0,116.0,0.0
20200719,6647.0,423.0,60.0
20200720,1378.0,97.0,8.0
20200721,1336.0,92.0,0.0
20200722,2132.0,179.0,28.0
20200723,2876.0,136.0,0.0
20200724,1817.0,151.0,44.0
20200725,2113.0,111.0,8.0
20200726,3881.0,242.0,28.0
20200727,1234.0,95.0,8.0
20200728,2036.0,132.0,12.0
20200729,2549.0,154.0,20.0
20200730,2795.0,163.0,32.0
20200731,2341.0,166.0,20.0
20200801,2944.0,232.0,60.0
20200802,2333.0,187.0,48.0
20200803,2666.0,190.0,56.0
20200804,2664.0,172.0,28.0
20200805,2328.0,188.0,36.0
20200806,2205.0,139.0,12.0
20200807,4278.0,323.0,92.0
20200808,3346.0,255.0,56.0
20200809,3925.0,277.0,23.0
20200810,3140.0,272.0,79.0
20200811,3952.0,382.0,139.0
20200812,3734.0,256.0,62.0
20200813,3352.0,211.0,12.0
20200814,3785.0,264.0,0.0
20200815,4103.0,300.0,0.0
20200816,4762.0,273.0,0.0
20200817,3449.0,185.0,0.0
20200818,4409.0,251.0,0.0
20200819,6444.0,291.0,8.0
20200820,2378.0,170.0,4.0
20200821,3911.0,228.0,0.0
20200822,3303.0,191.0,0.0
20200823,2861.0,195.0,4.0
20200824,2811.0,198.0,0.0
20200825,3543.0,283.0,4.0
20200826,3004.0,192.0,0.0
20200827,3360.0,224.0,4.0
20200828,2765.0,225.0,8.0
20200829,3929.0,338.0,0.0
20200831,3410.0,228.0,0.0
20200901,3060.0,208.0,4.0
20200902,3358.0,262.0,12.0
20200903,2684.0,221.0,3.0
20200904,3908.0,208.0,4.0
20200905,4872.0,319.0,12.0
20200906,4438.0,284.0,0.0
20200907,4004.0,230.0,0.0
20200908,3511.0,240.0,4.0
20200909,2551.0,259.0,4.0
20200910,3772.0,257.0,0.0
20200911,3247.0,224.0,16.0
20200912,4169.0,282.0,4.0
20200913,3112.0,280.0,4.0
20200914,3232.0,224.0,0.0
20200915,3224.0,168.0,0.0
20200916,2783.0,152.0,0.0
20200917,3092.0,251.0,4.0
20200918,2440.0,175.0,0.0
20200919,3205.0,209.0,0.0
20200920,2713.0,203.0,4.0
20200921,3341.0,178.0,8.0
20200922,2431.0,159.0,0.0
20200923,2992.0,200.0,0.0
20200924,2540.0,228.0,4.0
20200925,3240.0,271.0,0.0
20200926,2312.0,155.0,0.0
20200927,2368.0,160.0,0.0
20200928,2688.0,187.0,0.0
20200929,4288.0,292.0,8.0
20200930,4177.0,306.0,32.0
20201001,4895.0,398.0,52.0
20201002,5512.0,466.0,60.0
20201003,8900.0,766.0,100.0
20201004,8957.0,792.0,106.0
20201005,6300.0,504.0,84.0
20201006,7286.0,526.0,64.0
20201007,4013.0,338.0,54.0
20201008,4480.0,339.0,40.0
20201009,4396.0,361.0,8.0
20201010,2723.0,254.0,0.0
20201011,2811.0,201.0,0.0
20201012,3704.0,244.0,4.0
20201013,3164.0,223.0,0.0
20201014,3624.0,272.0,8.0
20201015,2321.0,151.0,0.0
20201016,4240.0,247.0,32.0
20201017,2529.0,234.0,56.0
20201018,3253.0,242.0,36.0
20201019,2881.0,263.0,36.0
20201020,1384.0,111.0,11.0
20201021,1133.0,91.0,8.0
20201022,1296.0,87.0,8.0
20201023,1633.0,130.0,4.0
20201024,1796.0,151.0,24.0
20201025,1309.0,136.0,4.0
20201026,513.0,56.0,12.0
20201027,875.0,93.0,24.0
20201028,1870.0,107.0,20.0
20201029,1632.0,107.0,12.0
20201031,1000.1499999999999,30.0,0.0
20201101,1430.97,70.0,0.0
20201102,1160.4700000000003,31.0,0.0
20201103,853.0999999999996,40.0,0.0
20201104,607.0400000000001,32.0,0.0
20201105,704.82,22.0,0.0
20201106,1568.8799999999999,71.0,0.0
20201107,1114.44,52.0,0.0
20201108,1789.6899999999998,49.0,0.0
20201109,1827.0799999999997,50.0,0.0
20201110,1425.3800000000003,14.0,0.0
20201111,906.7800000000001,58.0,0.0
20201112,1885.9200000000005,60.0,0.0
20201113,929.81,0.0,0.0
20201114,1676.1799999999996,0.0,0.0
20201115,2270.52,0.0,0.0
20201116,1392.44,0.0,0.0
20201117,1684.4400000000007,0.0,0.0
20201118,948.58,0.0,0.0
20201119,894.6499999999999,0.0,0.0
20201120,1184.8599999999994,0.0,0.0
20201121,1571.8199999999997,0.0,0.0
20201122,1315.14,0.0,0.0
20201123,1933.44,0.0,0.0
20201124,1237.86,0.0,0.0
20201125,1724.6200000000003,0.0,0.0
20201126,1887.7600000000004,0.0,0.0
20201127,1943.9599999999991,0.0,0.0
20201128,1305.9799999999996,0.0,0.0
20201129,1553.7700000000002,0.0,0.0
20201130,812.0600000000004,0.0,0.0
20201201,1458.5600000000006,0.0,0.0
20201202,1250.98,0.0,0.0
20201203,981.0199999999999,0.0,0.0
20201204,1597.9500000000003,0.0,0.0
20201205,1716.5400000000002,0.0,0.0
20201206,1207.8499999999997,0.0,0.0
20201207,1836.3200000000004,0.0,0.0
20201208,1362.8400000000001,0.0,0.0
20201209,681.8200000000002,0.0,0.0
20201210,285.53999999999996,0.0,0.0
20201211,643.5400000000001,0.0,0.0
20201212,1313.3200000000002,0.0,0.0
20201213,1326.0500000000006,0.0,0.0
20201214,1759.4800000000002,0.0,0.0
20201215,1325.6699999999996,0.0,0.0
20201216,1027.2800000000002,0.0,0.0
20201217,2067.580000000001,0.0,0.0
20201218,2400.18,0.0,0.0
20201219,2507.499999999999,0.0,0.0
20201220,1708.2399999999998,0.0,0.0
20201221,1128.6599999999996,0.0,0.0
20201222,1172.08,0.0,0.0
20201223,1225.1599999999996,0.0,0.0
20201224,1823.9300000000007,0.0,0.0
20201225,2166.82,89.0,0.0
20201226,938.54,60.0,0.0
20201227,1542.8600000000001,83.0,0.0
20201228,1328.16,70.0,0.0
20201229,1321.6800000000003,98.0,0.0
20201230,1964.24,92.0,0.0
20201231,3272.3199999999997,155.0,0.0
20210101,1508.1799999999996,151.0,0.0
20210102,1726.93,76.0,0.0
20210103,1375.8600000000001,47.0,0.0
20210104,1279.64,48.0,0.0
20210105,1049.8400000000004,64.0,0.0
20210106,2027.3400000000001,94.0,0.0
20210107,2491.0899999999983,66.0,0.0
20210108,1012.5800000000002,88.0,0.0
20210109,1463.26,60.0,0.0
20210110,1297.2999999999997,36.0,0.0
20210111,1201.3,49.0,0.0
20210112,1650.8799999999999,48.0,0.0
20210113,778.96,48.0,0.0
20210114,1044.8000000000002,29.0,0.0
20210115,478.72,40.0,0.0
20210116,457.1999999999999,114.0,0.0
20210117,1228.72,239.0,0.0
20210118,1628.72,170.0,0.0
20210119,743.56,143.0,0.0
20210120,1081.38,199.0,0.0
20210121,1676.7600000000002,102.0,0.0
20210122,673.4599999999998,108.0,0.0
20210123,1077.2399999999996,163.0,0.0
20210124,562.7,178.0,0.0
20210125,1053.5199999999998,130.0,0.0
20210126,1078.86,141.0,0.0
20210127,1148.7800000000002,182.0,0.0
20210128,1327.1200000000001,156.0,0.0
20210129,1909.1599999999999,145.0,0.0
20210130,2219.49,217.0,0.0
20210131,2333.779999999999,169.0,0.0
20210201,1759.62,130.0,0.0
20210202,833.1999999999997,104.0,0.0
20210203,1611.2800000000004,202.0,0.0
20210204,1320.44,133.0,0.0
20210205,2218.36,175.0,0.0
20210206,1415.7700000000002,169.0,0.0
20210207,2678.56,237.0,0.0
20210208,3810.2100000000028,264.0,0.0
20210209,3067.1799999999976,245.0,0.0
20210210,3360.5300000000007,283.0,0.0
20210211,2540.020000000001,234.0,0.0
20210212,3749.160000000003,288.0,0.0
20210213,3395.239999999999,340.0,0.0
20210214,4270.45,342.0,0.0
20210215,3702.099999999999,277.0,0.0
20210216,3279.279999999999,280.0,0.0
20210217,3558.690000000001,257.0,0.0
20210218,2096.63,129.0,0.0
20210219,2839.619999999999,163.0,0.0
20210220,1348.3700000000006,144.0,0.0
20210221,3383.8500000000004,206.0,0.0
20210222,2350.640000000001,157.0,0.0
20210223,1678.0600000000006,172.0,0.0
20210224,1430.7599999999998,144.0,0.0
20210225,2585.2399999999993,187.0,0.0
20210226,2733.280000000002,172.0,0.0
20210227,2764.5600000000018,208.0,0.0
20210228,2227.2399999999993,168.0,0.0
20210301,2439.2799999999997,210.0,0.0
20210302,3170.000000000001,170.0,0.0
20210303,2242.3399999999997,206.0,0.0
20210304,2212.2200000000003,174.0,0.0
20210305,2667.4000000000015,170.0,0.0
20210306,3119.3200000000015,220.0,0.0
20210307,2676.0399999999995,195.0,0.0
20210308,1196.6799999999996,141.0,0.0
20210309,2321.0899999999997,155.0,0.0
20210310,3279.4599999999996,220.0,0.0
20210311,2222.72,155.0,0.0
20210312,1641.1000000000001,8.0,0.0
20210313,527.44,0.0,0.0
20210314,1557.96,105.0,4.0
20210315,1061.96,76.0,0.0
20210316,1966.4999999999998,118.0,0.0
20210317,1287.8599999999997,78.0,0.0
20210318,2804.0100000000007,157.0,0.0
20210319,2652.9999999999995,160.0,0.0
20210320,2223.15,183.0,0.0
20210321,2139.19,178.0,4.0
20210322,3286.8400000000006,208.0,4.0
20210323,2515.299999999999,142.0,0.0
20210324,1487.9600000000003,84.0,0.0
20210325,1131.6,86.0,0.0
20210326,2281.22,120.0,0.0
20210327,1764.6000000000008,172.0,0.0
20210328,2151.2999999999997,174.0,8.0
20210329,1231.8799999999999,82.0,4.0
20210330,2800.5200000000004,140.0,0.0
20210331,1664.1399999999996,86.0,0.0
20210401,1016.2200000000001,67.0,0.0
20210402,2522.54,156.0,0.0
20210403,3273.480000000001,215.0,0.0
20210404,3407.4500000000016,258.0,0.0
20210405,2300.8599999999997,258.0,10.0
20210406,1690.9999999999995,123.0,0.0
20210407,1230.9399999999998,134.0,0.0
20210408,859.44,64.0,0.0
20210409,1308.8000000000002,80.0,4.0
20210410,1811.2499999999998,119.0,2.0
20210411,1126.1799999999998,93.0,0.0
20210412,1256.6000000000004,97.0,0.0
20210413,2453.74,143.0,2.0
20210414,2267.3200000000006,223.0,2.0
20210415,1452.74,125.0,4.0
20210416,0.0,0.0,0.0
20210417,0.0,0.0,0.0
20210418,0.0,0.0,0.0
20210419,0.0,0.0,0.0
20210420,0.0,0.0,0.0
20210421,0.0,0.0,0.0
20210422,0.0,0.0,0.0
20210423,0.0,0.0,0.0
20210424,0.0,0.0,0.0
20210425,0.0,0.0,0.0
20210426,0.0,0.0,0.0
20210427,0.0,0.0,0.0
20210428,0.0,0.0,0.0
20210429,0.0,0.0,0.0
20210430,0.0,0.0,0.0
20210501,0.0,0.0,0.0
20210502,0.0,0.0,0.0
20210503,0.0,0.0,0.0
20210504,0.0,0.0,0.0
20210505,0.0,0.0,0.0
20210506,0.0,0.0,0.0
20210507,0.0,0.0,0.0
20210508,0.0,0.0,0.0
20210509,0.0,0.0,0.0
20210510,0.0,0.0,0.0
20210511,0.0,0.0,0.0
20210512,0.0,0.0,0.0
20210513,0.0,0.0,0.0
20210514,0.0,0.0,0.0
20210515,0.0,0.0,0.0
20210516,0.0,0.0,0.0
20210517,0.0,0.0,0.0
20210518,0.0,0.0,0.0
20210519,0.0,0.0,0.0
20210520,0.0,0.0,0.0
20210521,0.0,0.0,0.0
20210522,0.0,0.0,0.0
20210523,0.0,0.0,0.0
20210524,0.0,0.0,0.0
20210525,24.86,0.0,0.0
20210526,6951.630000000002,0.0,0.0
20210527,8435.78,0.0,0.0
20210528,12488.570000000009,815.0,0.0
20210529,11996.719999999994,515.0,0.0
20210530,12031.579999999998,486.0,0.0
20210531,7345.349999999998,619.0,0.0
20210601,10471.599999999993,485.0,0.0
20210602,12951.810000000009,502.0,0.0
20210603,21285.520000000008,473.0,0.0
20210604,15787.130000000003,608.0,0.0
20210605,12802.989999999994,637.0,0.0
20210606,14409.900000000003,584.0,0.0
20210607,21772.799999999996,494.0,0.0
20210608,40601.44000000004,552.0,0.0
20210609,5296.240000000002,192.0,0.0
20210610,1969.3400000000006,64.0,0.0
20210611,17711.719999999998,650.0,0.0
20210612,24981.149999999983,855.0,0.0
20210613,21725.519999999986,924.0,0.0
20210614,25948.06000000002,822.0,0.0
20210615,18816.440000000006,616.0,0.0
20210616,17059.550000000007,576.0,0.0
20210617,16653.390000000003,584.0,0.0
20210618,15970.340000000006,667.0,0.0
20210619,18289.68999999999,1004.0,0.0
20210620,17941.250000000004,1040.0,0.0
20210621,18035.649999999983,767.0,0.0
20210622,16205.81999999999,680.0,0.0
20210623,17919.05,639.0,0.0
20210624,15746.840000000013,556.0,0.0
20210625,18699.560000000005,921.0,0.0
20210626,20902.01,997.0,0.0
20210627,19609.98,982.0,0.0
20210628,16004.420000000004,537.0,0.0
20210629,7235.679999999996,261.0,0.0
20210630,16288.3,619.0,0.0
20210701,18999.61,737.0,0.0
20210702,18258.079999999998,730.0,0.0
20210703,20460.18999999999,786.0,0.0
20210704,21249.10000000001,902.0,0.0
20210705,17643.78999999999,648.0,0.0
20210706,20423.679999999997,708.0,0.0
20210707,22214.259999999987,762.0,0.0
20210708,20070.54000000001,894.0,0.0
20210709,22966.630000000012,1040.0,0.0
20210710,27278.879999999983,1094.0,0.0
20210711,26421.70000000001,1088.0,0.0
20210712,44435.36999999995,964.0,50.0
20210713,25675.110000000004,735.0,48.0
20210714,24612.310000000012,902.0,44.0
20210715,24748.500000000007,2822.0,554.0
20210716,5791.500000000003,775.0,201.0
20210717,8016.499999999999,1025.0,200.0
20210718,27362.539999999957,1816.0,40.0
20210719,2248.4900000000002,194.0,20.0
20210720,975.1600000000001,60.0,0.0
20210721,747.2599999999998,49.0,8.0
20210722,934.22,49.0,0.0
20210723,1307.08,80.0,0.0
20210724,1206.3600000000001,40.0,0.0
20210725,1017.48,64.0,0.0
20210726,21802.699999999997,1408.0,36.0
20210727,19726.489999999987,1377.0,52.0
20210728,23194.959999999995,1636.0,44.0
20210729,24258.44000000003,1367.0,40.0
20210730,22873.12,1603.0,28.0
20210731,25415.699999999997,1685.0,54.0
20210801,27360.0,1606.0,24.0
20210802,18958.0,1329.0,16.0
20210803,19960.0,1181.0,16.0
20210804,19192.0,1251.0,16.0
20210805,20756.0,1363.0,19.0
20210806,20300.0,1251.0,19.0
20210807,21197.0,1389.0,16.0
20210808,23042.0,1437.0,4.0
20210809,18519.0,1182.0,19.0
20210810,17477.0,1120.0,12.0
20210811,18521.0,1176.0,20.0
20210812,18659.0,1102.0,12.0
20210813,18879.0,1433.0,24.0
20210814,22769.0,1517.0,23.0
20210815,21701.0,1415.0,20.0
20210816,19310.0,1368.0,12.0
20210817,17908.0,1221.0,48.0
20210818,22090.0,1341.0,24.0
20210819,21366.0,1231.0,12.0
20210820,21690.0,1542.0,24.0
20210821,27236.0,1747.0,56.0
20210822,24052.0,1410.0,40.0
20210823,18789.0,1261.0,39.0
20210824,22731.0,1382.0,52.0
20210825,21316.0,1389.0,32.0
20210826,21714.0,1876.0,79.0
20210827,25443.0,1706.0,80.0
20210828,29306.0,2304.0,231.0
20210829,26025.0,2134.0,227.0
20210830,20560.0,1620.0,159.0
20210831,22745.0,1745.0,160.0
20210901,24822.0,1742.0,118.0
20210902,24892.0,1975.0,76.0
20210903,26210.0,1997.0,208.0
20210904,18501.0,2416.0,629.0
20210905,32474.0,2226.0,84.0
20210906,26966.0,1838.0,156.0
20210907,28572.0,1868.0,87.0
20210908,29118.0,1908.0,88.0
20210909,28561.0,2180.0,198.0
20210910,29518.0,2300.0,151.0
20210911,20613.0,3422.0,1044.0
20210912,23169.0,3367.0,970.0
20210913,23861.0,2246.0,358.0
20210914,30213.0,1859.0,16.0
20210915,28633.0,1931.0,44.0
20210916,35431.0,2248.0,24.0
20210917,39058.0,2444.0,36.0
20210918,37837.0,2887.0,163.0
20210919,43917.0,3048.0,72.0
20210920,49876.0,3330.0,44.0
20210921,43364.0,3007.0,40.0
20210922,37156.0,2387.0,48.0
20210923,33350.0,2297.0,43.0
20210924,36945.0,2302.0,75.0
20210925,38521.0,2507.0,44.0
20210926,36446.0,2400.0,48.0
20210927,43827.0,2763.0,69.0
20210928,41506.0,2908.0,44.0
20210929,50209.0,3191.0,28.0
20210930,77409.0,5204.0,143.0
20211001,124721.0,8085.0,157.0
20211002,119297.0,7643.0,128.0
20211003,116255.0,7377.0,96.0
20211004,113115.0,7375.0,151.0
20211005,112641.0,6981.0,79.0
20211006,101758.0,6424.0,124.0
20211007,71232.0,4425.0,44.0
20211008,39362.0,2552.0,60.0
20211009,46020.0,2736.0,52.0
20211010,46448.0,2846.0,87.0
20211011,43385.0,2763.0,47.0
20211012,45210.0,2906.0,39.0
20211013,44657.0,2830.0,64.0
20211014,46352.0,2800.0,32.0
20211015,52628.0,3286.0,100.0
20211016,57880.0,3806.0,103.0
20211017,48210.0,3625.0,330.0
20211018,45273.0,3060.0,131.0
20211019,46876.0,2883.0,82.0
20211020,55565.0,3535.0,104.0
20211021,53540.0,3315.0,52.0
20211022,57206.0,3814.0,90.0
20211023,59509.0,3974.0,104.0
20211024,59201.0,3999.0,64.0
20211025,48789.0,3080.0,47.0
20211026,48204.0,2984.0,23.0
20211027,53178.0,3265.0,87.0
20211028,52489.0,3271.0,119.0
20211029,50103.0,3878.0,212.0
20211030,59658.0,3631.0,60.0
20211031,57219.0,3479.0,35.0
20211101,50133.0,3257.0,152.0
20211102,54370.0,3527.0,196.0
20211103,52619.0,3244.0,114.0
20211104,54197.0,3218.0,76.0
20211105,57275.0,3499.0,62.0
20211106,56722.0,3482.0,83.0
20211107,65605.0,4194.0,76.0
20211108,62117.0,3803.0,111.0
20211109,44852.0,3277.0,344.0
20211110,12450.0,3142.0,1872.0
20211111,16754.0,3212.0,1659.0
20211112,12848.0,3547.0,1795.0
20211113,57314.0,6240.0,2013.0
20211114,17746.0,3940.0,2098.0
20211115,7048.0,3384.0,2182.0
20211116,20913.0,3150.0,1410.0
20211117,52966.0,3492.0,318.0
20211118,29112.0,3791.0,1329.0
20211119,31574.0,4159.0,1422.0
20211120,58792.0,3762.0,230.0
20211121,64376.0,3906.0,185.0
20211122,59830.0,3848.0,120.0
20211123,73700.0,4422.0,112.0
20211124,68217.0,4131.0,131.0
20211125,75365.0,4088.0,111.0
20211126,126270.0,8844.0,243.0
20211127,76171.0,4913.0,180.0
20211128,76096.0,4507.0,135.0
20211129,62159.0,3729.0,124.0
20211130,62720.0,4101.0,142.0
20211201,55819.0,4166.0,458.0
20211202,56716.0,3447.0,83.0
20211203,77192.0,5039.0,186.0
20211204,79233.0,4625.0,158.0
20211205,74359.0,5064.0,310.0
20211206,58309.0,4055.0,494.0
20211207,54117.0,4725.0,901.0
20211208,81166.0,5815.0,680.0
20211209,55911.0,4833.0,1110.0
20211210,56988.0,4723.0,901.0
20211211,78089.0,5422.0,452.0
20211212,48268.0,4971.0,1612.0
20211213,49747.0,4804.0,1200.0
20211214,58554.0,4741.0,773.0
20211215,97981.0,5611.0,125.0
20211216,125637.0,7767.0,136.0
20211217,91423.0,5715.0,168.0
20211218,96889.0,6236.0,175.0
20211219,85297.0,5470.0,138.0
20211220,72970.0,4640.0,150.0
20211221,74320.0,4598.0,195.0
20211222,75505.0,4667.0,174.0
20211223,76042.0,4854.0,199.0
20211224,102458.0,6554.0,291.0
20211225,103597.0,7023.0,319.0
20211226,103152.0,6337.0,138.0
20211227,91662.0,5942.0,184.0
20211228,89472.0,5777.0,243.0
20211229,86883.0,5596.0,199.0
20211230,87146.0,6202.0,413.0
20211231,110216.0,7084.0,252.0
20220101,99401.86999999991,6277.0,450.0
20220102,108153.15999999986,7049.0,247.0
20220103,100449.13000000005,6363.0,255.0
20220104,80733.16999999991,5018.0,195.0
20220105,77305.43999999996,4484.0,282.0
20220106,71269.5299999999,4336.0,374.0
20220107,64255.34999999993,4001.0,245.0
20220108,85045.67,5461.0,327.0
20220109,77450.4600000001,5001.0,565.0
20220110,67022.27000000003,3924.0,246.0
20220111,85963.31999999996,5282.0,219.0
20220112,84518.8599999999,5073.0,200.0
20220113,81508.66000000009,4821.0,310.0
20220114,70237.8,4339.0,294.0
20220115,71509.43999999996,4125.0,366.0
20220116,68147.47000000003,4087.0,487.0
20220117,66774.85999999999,3850.0,205.0
20220118,45447.789999999964,2831.0,291.0
20220119,17335.67000000001,1240.0,360.0
20220120,82171.31999999999,5091.0,451.0
20220121,90714.62000000008,5295.0,198.0
20220122,99267.49,6138.0,229.0
20220123,97206.81,5577.0,278.0
20220124,36069.30000000001,2230.0,292.0
20220125,104201.76000000008,6142.0,353.0
20220126,112047.76000000007,6815.0,549.0
20220127,112959.08000000003,6842.0,487.0
20220128,132252.38999999996,8019.0,531.0
20220129,141761.95000000024,8339.0,536.0
20220130,139573.02999999985,8316.0,624.0
20220131,100678.02000000027,5983.0,466.0
20220201,112925.32,7283.0,566.0
20220202,155290.89000000007,9759.0,624.0
20220203,163117.88999999998,9967.0,536.0
20220204,159728.75999999986,9914.0,739.0
20220205,163761.5699999997,10222.0,873.0
20220206,146594.29999999993,9162.0,720.0
20220207,117854.37999999992,6672.0,593.0
20220208,94096.23999999987,5797.0,513.0
20220209,102351.66000000005,6528.0,574.0
20220210,93648.60999999993,5396.0,415.0
20220211,88346.03000000003,5184.0,612.0
20220212,96401.14000000001,6117.0,538.0
20220213,80496.27,5252.0,707.0
20220214,77107.10999999988,4769.0,794.0
20220215,65970.00000000004,4232.0,622.0
20220216,73794.14000000013,4697.0,830.0
20220217,82251.50999999988,4968.0,835.0
20220218,91204.0199999999,5776.0,935.0
20220219,89101.64000000001,6085.0,997.0
20220220,89936.1700000001,6133.0,814.0
20220221,68567.16000000003,4708.0,650.0
20220222,67890.06,4301.0,670.0
20220223,84607.43999999999,4934.0,665.0
20220224,64116.26999999999,4179.0,810.0
20220225,70435.36000000004,4497.0,716.0
20220226,73860.29000000002,4839.0,744.0
20220227,72746.87999999996,4663.0,601.0
20220228,64517.100000000064,4315.0,603.0
20220301,73763.41999999995,4382.0,194.0
20220302,80578.54999999997,4916.0,242.0
20220303,71395.40999999997,4254.0,256.0
20220304,78573.01999999992,4729.0,270.0
20220305,85440.23999999995,5701.0,289.0
20220306,85666.67000000009,5774.0,310.0
20220307,79297.70000000001,4404.0,289.0
20220308,77540.76999999996,4838.0,250.0
20220309,80652.75000000006,5211.0,347.0
20220310,71099.94999999998,4373.0,273.0
20220311,80930.29999999993,5184.0,325.0
20220312,74045.89999999988,4811.0,227.0
20220313,71100.7299999999,4583.0,253.0
20220314,68887.85000000008,4175.0,202.0
20220315,65642.20000000003,3851.0,196.0
20220316,65472.64000000001,4014.0,196.0
20220317,76556.85999999993,4503.0,249.0
20220318,77753.11000000009,4593.0,240.0
20220319,66058.05000000003,3821.0,378.0
20220320,59032.95999999999,3746.0,644.0
20220321,51470.770000000026,3360.0,499.0
20220322,48232.95000000003,3107.0,646.0
20220323,47622.420000000035,2878.0,460.0
20220324,50098.62999999994,2892.0,155.0
20220325,46170.14999999993,2804.0,184.0
20220326,42247.60999999998,2315.0,127.0
20220327,36154.48999999999,2134.0,131.0
20220328,23294.750000000007,1421.0,59.0
20220329,15160.110000000004,881.0,38.0
20220330,54773.23000000001,3271.0,174.0
20220331,78516.85999999996,4333.0,251.0
20220400,0.0,0.0,0.0
20220401,73532.87,4263.0,158.0
20220402,90401.60000000006,5320.0,194.0
20220403,99075.75000000023,5746.0,215.0
20220404,88643.91999999988,5482.0,177.0
20220405,84211.37000000002,5473.0,148.0
20220406,62066.94000000001,3579.0,172.0
20220407,67772.25000000003,4051.0,135.0
20220408,69377.11000000003,4032.0,140.0
20220409,66939.39999999989,3745.0,138.0
20220410,65217.120000000075,3809.0,136.0
20220411,40983.810000000005,2480.0,136.0
20220412,31493.270000000004,1876.0,96.0
20220413,69331.94999999995,4040.0,170.0
20220414,59686.11999999999,3481.0,150.0
20220415,68413.78999999998,4268.0,352.0
20220416,84658.32000000011,4892.0,111.0
20220417,74807.18999999999,4294.0,99.0
20220418,63943.60000000002,3699.0,203.0
20220419,61419.17,3621.0,144.0
20220420,65793.18999999997,3977.0,318.0
20220421,61262.760000000075,3777.0,431.0
20220422,59619.62999999998,3522.0,531.0
20220423,47430.96000000002,2889.0,243.0
20220425,54973.80000000002,3575.0,144.0
20220426,67727.59,4000.0,200.0
20220427,57621.93000000004,3374.0,310.0
20220428,58596.21000000003,3507.0,285.0
20220429,72951.18,4279.0,314.0
20220501,108626.68999999992,6744.0,657.0
20220502,91057.57,5749.0,1074.0
20220503,91734.36999999992,6158.0,705.0
20220504,86022.22999999998,5450.0,757.0
20220505,46407.59000000001,3002.0,350.0
20220506,56402.55999999995,3522.0,493.0
20220507,51825.130000000005,3583.0,414.0
20220508,51782.36999999996,3459.0,353.0
20220509,52033.699999999946,3379.0,350.0
20220510,63657.779999999955,3953.0,440.0
20220511,75623.22999999998,4517.0,406.0
20220512,76806.31000000006,4740.0,476.0
20220513,83901.23000000013,5304.0,476.0
20220514,96974.37999999992,5763.0,514.0
20220515,91938.11999999984,5525.0,529.0
20220516,85909.03000000004,5269.0,563.0
20220517,78433.03000000007,4943.0,625.0
20220518,100264.11999999992,6166.0,563.0
20220519,94452.13999999993,6029.0,532.0
20220520,74959.95000000003,5000.0,565.0
20220521,66860.25999999995,4153.0,523.0
20220522,64489.00000000001,4211.0,418.0
20220523,32067.059999999983,1940.0,206.0
20220524,6408.149999999998,259.0,32.0
20220525,0.0,0.0,0.0
20220526,0.0,0.0,0.0
20220527,0.0,0.0,0.0
20220528,0.0,0.0,0.0
20220529,0.0,0.0,0.0
20220530,0.0,0.0,0.0
20220531,13732.729999999998,1144.0,1302.0
20220601,35154.01999999999,2232.0,2630.0
20220602,92218.39000000004,5902.0,2356.0
20220603,193161.4099999999,12787.0,1029.0
20220604,184300.49000000008,12036.0,993.0
20220605,180357.87999999974,11774.0,927.0
20220606,148732.99999999988,9547.0,774.0
20220607,145754.14000000016,9419.0,969.0
20220608,163994.76000000042,10032.0,570.0
20220609,148707.8300000002,9495.0,828.0
20220610,162725.38,10534.0,825.0
20220611,174004.49999999994,11409.0,961.0
20220612,161171.32000000027,10452.0,1185.0
20220613,154145.5499999998,10236.0,1092.0
20220614,167948.79000000018,10787.0,681.0
20220615,178461.5600000001,11273.0,691.0
20220616,175316.0000000001,11296.0,758.0
20220617,209549.13400000028,13465.0,1121.0
20220618,254565.0,16658.0,548.0
20220619,229807.0,15490.0,428.0
20220620,197813.0,12851.0,491.0
20220621,208154.0,13700.0,580.0
20220622,218451.0,13867.0,508.0
20220623,222372.0,14541.0,602.0
20220624,253051.0,17072.0,949.0
20220625,283662.0,18692.0,701.0
20220626,264458.0,17350.0,617.0
20220627,235449.0,15192.0,589.0
20220628,238559.0,15469.0,671.0
20220629,230637.0,16608.0,2091.0
20220630,210381.0,16922.0,3481.0
20220701,250777.0,17565.0,2465.0
20220702,241363.0,16338.0,1292.0
20220703,232300.0,14128.0,450.0
20220704,224515.0,15341.0,2329.0
20220705,225269.0,15572.0,1813.0
20220706,242295.0,16239.0,1557.0
20220707,252101.0,17247.0,1456.0
20220708,286494.0,19665.0,1774.0
20220709,304635.0,20670.0,1956.0
20220710,188275.0,13672.0,2037.0
20220711,214847.0,16222.0,2561.0
20220712,216617.0,16544.0,2377.0
20220713,216866.0,16330.0,2241.0
20220714,208755.0,17409.0,3840.0
20220715,231323.0,18494.0,3238.0
20220716,223344.0,16107.0,1509.0
20220717,200935.0,14944.0,1504.0
20220718,174035.0,12753.0,1169.0
20220719,161320.0,11873.0,1358.0
20220720,210264.0,16016.0,2094.0
20220721,238917.0,16595.0,1510.0
20220722,158765.0,13053.0,2003.0
20220723,110095.0,8242.0,1054.0
20220724,304787.0,20371.0,1405.0
20220725,230178.0,17012.0,2383.0
20220726,223520.0,16400.0,2244.0
20220727,217554.0,16049.0,2248.0
