RATE_TIME,ONLINE_ELE_USERS,ONLINE_ELE_NUM,CREATE_TIME
20181228,509.0,860.0,2020-04-29 19:54:54
20181229,845.0,1520.0,2020-04-29 19:54:57
20181230,955.0,1160.0,2020-04-29 19:54:59
20181231,580.0,720.0,2020-04-29 19:55:02
20190101,870.0,1120.0,2020-04-29 19:55:05
20190102,4102.0,4720.0,2020-04-29 19:55:08
20190103,10136.0,11820.0,2020-04-29 19:55:11
20190104,10807.0,12680.0,2020-04-29 19:55:13
20190105,12030.0,13740.0,2020-04-29 19:55:16
20190106,6372.0,7640.0,2020-04-29 19:55:35
20190107,8126.0,10240.0,2020-04-29 19:55:38
20190108,5961.0,7440.0,2020-04-29 19:55:42
20190109,6774.0,8420.0,2020-04-29 19:55:48
20190110,7711.0,9600.0,2020-04-29 19:55:52
20190111,6898.0,9500.0,2020-04-29 19:55:54
20190112,4627.0,5320.0,2020-04-29 19:55:58
20190113,4217.0,4820.0,2020-04-29 19:56:00
20190114,4140.0,5720.0,2020-04-29 19:56:04
20190115,5187.0,7160.0,2020-04-29 19:56:06
20190116,4362.0,7160.0,2020-04-29 19:56:10
20190117,2929.0,4020.0,2020-04-29 19:56:13
20190118,3240.0,5640.0,2020-04-29 19:56:15
20190119,2113.0,2740.0,2020-04-29 19:56:18
20190120,1805.0,2120.0,2020-04-29 19:56:20
20190121,8728.0,15900.0,2020-04-29 19:56:23
20190122,11598.0,21740.0,2020-04-29 19:56:26
20190123,6370.0,22320.0,2020-04-29 19:56:28
20190124,5514.0,41560.0,2020-04-29 19:56:31
20190125,6458.0,71760.0,2020-04-29 19:56:34
20190126,4664.0,21840.0,2020-04-29 19:56:36
20190127,3752.0,39000.0,2020-04-29 19:56:39
20190128,5965.0,82600.0,2020-04-29 19:56:41
20190129,6260.0,74700.0,2020-04-29 19:56:44
20190130,7129.0,22120.0,2020-04-29 19:56:47
20190131,5520.0,22280.0,2020-04-29 19:56:49
20190201,6249.0,9140.0,2020-04-29 19:56:52
20190202,17748.0,23540.0,2020-04-29 19:56:54
20190203,29342.0,37820.0,2020-04-29 19:56:57
20190204,16270.0,21540.0,2020-04-29 19:56:59
20190205,7937.0,11160.0,2020-04-29 19:57:02
20190206,7235.0,9880.0,2020-04-29 19:57:05
20190207,6518.0,8740.0,2020-04-29 19:57:08
20190208,4942.0,6660.0,2020-04-29 19:57:11
20190209,10478.0,13240.0,2020-04-29 19:57:14
20190210,6540.0,8280.0,2020-04-29 19:57:16
20190211,6512.0,8900.0,2020-04-29 19:57:19
20190212,6827.0,8980.0,2020-04-29 19:57:22
20190213,6387.0,11480.0,2020-04-29 19:57:24
20190214,5558.0,10700.0,2020-04-29 19:57:27
20190215,6281.0,9360.0,2020-04-29 19:57:29
20190216,4796.0,7200.0,2020-04-29 19:57:32
20190217,3996.0,5400.0,2020-04-29 19:57:34
20190218,6004.0,9600.0,2020-04-29 19:57:37
20190219,6545.0,13380.0,2020-04-29 19:57:40
20190220,12670.0,32420.0,2020-04-29 19:57:42
20190221,17201.0,23460.0,2020-04-29 19:57:45
20190222,9700.0,19640.0,2020-04-29 19:57:48
20190223,7166.0,11640.0,2020-04-29 19:57:51
20190224,8175.0,11840.0,2020-04-29 19:57:55
20190225,8402.0,19860.0,2020-04-29 19:57:58
20190226,8673.0,82920.0,2020-04-29 19:58:01
20190227,5843.0,11120.0,2020-04-29 19:58:04
20190228,4595.0,7900.0,2020-04-29 19:58:07
20190301,5629.0,7840.0,2020-04-29 19:58:09
20190302,18687.0,23840.0,2020-04-29 19:58:12
20190303,33255.0,41040.0,2020-04-29 19:58:15
20190304,27762.0,41000.0,2020-04-29 19:58:17
20190305,28747.0,36060.0,2020-04-29 19:58:20
20190306,25464.0,33900.0,2020-04-29 19:58:23
20190307,14631.0,20280.0,2020-04-29 19:58:25
20190308,12742.0,17840.0,2020-04-29 19:58:28
20190309,16559.0,21360.0,2020-04-29 19:58:30
20190310,13982.0,18400.0,2020-04-29 19:58:33
20190311,17856.0,24040.0,2020-04-29 19:58:35
20190312,18186.0,23540.0,2020-04-29 19:58:38
20190313,15498.0,21840.0,2020-04-29 19:58:41
20190314,14143.0,18880.0,2020-04-29 19:58:43
20190315,11106.0,15220.0,2020-04-29 19:58:46
20190316,7389.0,10040.0,2020-04-29 19:58:48
20190317,7305.0,9840.0,2020-04-29 19:58:51
20190318,11474.0,16800.0,2020-04-29 19:58:53
20190319,9320.0,14240.0,2020-04-29 19:58:56
20190320,9725.0,13020.0,2020-04-29 19:58:59
20190321,8646.0,17020.0,2020-04-29 19:59:09
20190322,9149.0,12300.0,2020-04-29 19:59:12
20190323,7355.0,11040.0,2020-04-29 19:59:14
20190324,7325.0,11080.0,2020-04-29 19:59:17
20190325,10219.0,24200.0,2020-04-29 19:59:20
20190326,9315.0,23820.0,2020-04-29 19:59:23
20190327,8644.0,34180.0,2020-04-29 19:59:25
20190328,7664.0,44840.0,2020-04-29 19:59:28
20190329,7080.0,39800.0,2020-04-29 19:59:31
20190330,6267.0,15260.0,2020-04-29 19:59:34
20190331,5505.0,19120.0,2020-04-29 19:59:37
20190401,6570.0,8540.0,2020-04-29 19:59:39
20190402,27046.0,34180.0,2020-04-29 19:59:42
20190403,37562.0,47960.0,2020-04-29 19:59:44
20190404,41000.0,51980.0,2020-04-29 19:59:46
20190405,27118.0,34700.0,2020-04-29 19:59:49
20190406,27490.0,34200.0,2020-04-29 19:59:52
20190407,17222.0,21800.0,2020-04-29 19:59:54
20190408,21255.0,27660.0,2020-04-29 19:59:57
20190409,24421.0,31180.0,2020-04-29 19:59:59
20190410,25302.0,32760.0,2020-04-29 20:00:02
20190411,25315.0,33400.0,2020-04-29 20:00:05
20190412,28602.0,36720.0,2020-04-29 20:00:21
20190413,17629.0,21760.0,2020-04-29 20:00:33
20190414,15869.0,19600.0,2020-04-29 20:00:52
20190415,18035.0,24600.0,2020-04-29 20:00:59
20190416,17555.0,23480.0,2020-04-29 20:01:03
20190417,15095.0,19240.0,2020-04-29 20:01:06
20190418,16831.0,21960.0,2020-04-29 20:01:09
20190419,18146.0,23780.0,2020-04-29 20:01:12
20190420,13282.0,17660.0,2020-04-29 20:01:15
20190421,10909.0,14900.0,2020-04-29 20:01:19
20190422,16017.0,24660.0,2020-04-29 20:01:23
20190423,15936.0,22140.0,2020-04-29 20:01:29
20190424,15910.0,22360.0,2020-04-29 20:01:33
20190425,15631.0,21120.0,2020-04-29 20:01:37
20190426,15658.0,20240.0,2020-04-29 20:01:43
20190427,5690.0,7500.0,2020-04-29 20:01:46
20190428,21721.0,35780.0,2020-04-29 20:01:49
20190429,23011.0,64580.0,2020-04-29 20:02:01
20190430,22542.0,46920.0,2020-04-29 20:02:08
20190501,17946.0,22880.0,2020-04-29 20:02:16
20190502,87150.0,103680.0,2020-04-29 20:15:21
20190503,132856.0,158000.0,2020-04-29 20:15:27
20190504,123132.0,164540.0,2020-04-29 20:15:31
20190505,137034.0,168260.0,2020-04-29 20:15:35
20190506,120436.0,153600.0,2020-04-29 20:15:38
20190507,76734.0,106200.0,2020-04-29 20:15:41
20190508,65017.0,128200.0,2020-04-29 20:15:44
20190509,91468.0,169020.0,2020-04-29 20:15:47
20190510,77724.0,211380.0,2020-04-29 20:15:51
20190511,66479.0,201260.0,2020-04-29 20:15:58
20190512,69240.0,191600.0,2020-04-29 20:16:01
20190513,68784.0,233260.0,2020-04-29 20:16:04
20190514,64292.0,248520.0,2020-04-29 20:16:08
20190515,69023.0,278000.0,2020-04-29 20:16:15
20190516,68659.0,244480.0,2020-04-29 20:16:19
20190517,72231.0,265840.0,2020-04-29 20:16:25
20190518,51382.0,225620.0,2020-04-29 20:16:29
20190519,57354.0,219900.0,2020-04-29 20:16:32
20190520,85062.0,238640.0,2020-04-29 20:16:35
20190521,98882.0,157580.0,2020-04-29 20:16:38
20190522,102080.0,205940.0,2020-04-29 20:16:41
20190523,99483.0,210560.0,2020-04-29 20:16:44
20190524,88708.0,200860.0,2020-04-29 20:16:46
20190525,63659.0,162040.0,2020-04-29 20:16:48
20190526,50762.0,109400.0,2020-04-29 20:16:51
20190527,76389.0,167880.0,2020-04-29 20:16:53
20190528,94224.0,162420.0,2020-04-29 20:16:55
20190529,82222.0,139160.0,2020-04-29 20:16:58
20190530,63035.0,112640.0,2020-04-29 20:17:00
20190531,62427.0,98920.0,2020-04-29 20:17:02
20190601,49460.0,68860.0,2020-04-29 20:17:07
20190602,117927.0,150020.0,2020-04-29 20:17:09
20190603,187837.0,254180.0,2020-04-29 20:17:12
20190604,235876.0,312520.0,2020-04-29 20:17:15
20190605,224881.0,317800.0,2020-04-29 20:17:17
20190606,196439.0,286100.0,2020-04-29 20:17:20
20190607,85530.0,113020.0,2020-04-29 20:17:22
20190608,85589.0,124980.0,2020-04-29 20:17:25
20190609,117534.0,156640.0,2020-04-29 20:17:30
20190610,117815.0,194780.0,2020-04-29 20:17:35
20190611,112799.0,190920.0,2020-04-29 20:17:38
20190612,123745.0,208880.0,2020-04-29 20:17:40
20190613,90042.0,169620.0,2020-04-29 20:17:42
20190614,85511.0,175140.0,2020-04-29 20:17:45
20190615,54562.0,109940.0,2020-04-29 20:17:47
20190616,45343.0,91500.0,2020-04-29 20:17:49
20190617,62146.0,148320.0,2020-04-29 20:17:51
20190618,66661.0,143780.0,2020-04-29 20:17:54
20190619,65123.0,146700.0,2020-04-29 20:17:56
20190620,46789.0,118680.0,2020-04-29 20:17:58
20190621,69362.0,199020.0,2020-04-29 20:18:01
20190622,48382.0,110020.0,2020-04-29 20:18:03
20190623,36749.0,84540.0,2020-04-29 20:18:05
20190624,64953.0,212340.0,2020-04-29 20:18:07
20190625,68593.0,288380.0,2020-04-29 20:18:10
20190626,60333.0,157920.0,2020-04-29 20:18:12
20190627,60477.0,214640.0,2020-04-29 20:18:15
20190628,55837.0,178580.0,2020-04-29 20:18:18
20190629,47969.0,115700.0,2020-04-29 20:18:20
20190630,45006.0,74120.0,2020-04-29 20:18:23
20190701,56456.0,104140.0,2020-04-29 20:18:25
20190702,146411.0,197200.0,2020-04-29 20:18:34
20190703,203285.0,278820.0,2020-04-29 20:18:36
20190704,215623.0,314260.0,2020-04-29 20:18:38
20190705,201003.0,304900.0,2020-04-29 20:18:41
20190706,155502.0,224340.0,2020-04-29 20:18:44
20190707,95083.0,144840.0,2020-04-29 20:18:47
20190708,108323.0,223920.0,2020-04-29 20:18:50
20190709,141493.0,252960.0,2020-04-29 20:18:53
20190710,119286.0,253160.0,2020-04-29 20:18:55
20190711,125347.0,273600.0,2020-04-29 20:18:58
20190712,127771.0,282940.0,2020-04-29 20:19:00
20190713,85604.0,168160.0,2020-04-29 20:19:03
20190714,70285.0,137160.0,2020-04-29 20:19:05
20190715,93283.0,300140.0,2020-04-29 20:19:07
20190716,88151.0,265380.0,2020-04-29 20:19:09
20190717,84361.0,289960.0,2020-04-29 20:19:12
20190718,87716.0,347420.0,2020-04-29 20:19:14
20190719,92111.0,409420.0,2020-04-29 20:19:16
20190720,74506.0,268560.0,2020-04-29 20:19:18
20190721,72141.0,256820.0,2020-04-29 20:19:22
20190722,104194.0,373460.0,2020-04-29 20:19:24
20190723,110222.0,528060.0,2020-04-29 20:19:26
20190724,111002.0,650000.0,2020-04-29 20:19:28
20190725,117528.0,709580.0,2020-04-29 20:19:30
20190726,117825.0,591100.0,2020-04-29 20:19:32
20190727,86718.0,360240.0,2020-04-29 20:19:35
20190728,73763.0,245020.0,2020-04-29 20:19:37
20190729,96220.0,522900.0,2020-04-29 20:19:39
20190730,96305.0,765980.0,2020-04-29 20:19:44
20190731,105595.0,704500.0,2020-04-29 20:19:46
20190801,84208.0,454196.0,2020-04-29 20:19:48
20190802,168606.0,555624.0,2020-04-29 20:19:50
20190803,280101.0,497952.0,2020-04-29 20:19:53
20190804,246042.0,548580.0,2020-04-29 20:19:55
20190805,269067.0,843172.0,2020-04-29 20:19:57
20190806,265785.0,798648.0,2020-04-29 20:19:59
20190807,153090.0,725656.0,2020-04-29 20:20:01
20190808,138629.0,866672.0,2020-04-29 20:20:04
20190809,169263.0,869896.0,2020-04-29 20:20:06
20190810,115292.0,443992.0,2020-04-29 20:20:09
20190811,122452.0,446600.0,2020-04-29 20:20:11
20190812,159321.0,552964.0,2020-04-29 20:20:13
20190813,135126.0,545948.0,2020-04-29 20:20:15
20190814,130490.0,643392.0,2020-04-29 20:20:18
20190815,117914.0,624604.0,2020-04-29 20:20:20
20190816,109010.0,603800.0,2020-04-29 20:20:23
20190817,87334.0,308300.0,2020-04-29 20:20:25
20190818,79171.0,293672.0,2020-04-29 20:20:28
20190819,115006.0,594472.0,2020-04-29 20:20:30
20190820,118908.0,640316.0,2020-04-29 20:20:32
20190821,115874.0,723332.0,2020-04-29 20:20:34
20190822,111351.0,1025268.0,2020-04-29 20:20:37
20190823,110790.0,1186956.0,2020-04-29 20:20:40
20190824,83421.0,875420.0,2020-04-29 20:20:42
20190825,83693.0,589456.0,2020-04-29 20:20:44
20190826,101087.0,892308.0,2020-04-29 20:20:46
20190827,112752.0,1015088.0,2020-04-29 20:20:49
20190828,89933.0,827416.0,2020-04-29 20:20:51
20190829,88948.0,928524.0,2020-04-29 20:20:53
20190830,66026.0,817612.0,2020-04-29 20:20:55
20190831,54914.0,450680.0,2020-04-29 20:20:57
20190901,62242.0,284980.0,2020-04-29 20:20:59
20190902,164215.0,538128.0,2020-04-29 20:21:01
20190903,240440.0,842504.0,2020-04-29 20:21:05
20190904,266182.0,1140836.0,2020-04-29 20:21:15
20190905,252087.0,957960.0,2020-04-29 20:21:17
20190906,138093.0,778456.0,2020-04-29 20:21:19
20190907,151526.0,430948.0,2020-04-29 20:21:21
20190908,104726.0,363276.0,2020-04-29 20:21:23
20190909,153102.0,543284.0,2020-04-29 20:21:26
20190910,171681.0,610552.0,2020-04-29 20:21:28
20190911,167606.0,665112.0,2020-04-29 20:21:30
20190912,168361.0,446144.0,2020-04-29 20:21:32
20190913,120771.0,387524.0,2020-04-29 20:21:34
20190914,107432.0,317664.0,2020-04-29 20:21:37
20190915,96819.0,290372.0,2020-04-29 20:21:40
20190916,130875.0,354396.0,2020-04-29 20:21:43
20190917,120493.0,279524.0,2020-04-29 20:21:45
20190918,125620.0,287024.0,2020-04-29 20:21:48
20190919,131045.0,303980.0,2020-04-29 20:21:51
20190920,134821.0,311568.0,2020-04-29 20:21:54
20190921,105188.0,218216.0,2020-04-29 20:21:56
20190922,99313.0,211088.0,2020-04-29 20:21:58
20190923,154367.0,401344.0,2020-04-29 20:22:01
20190924,171633.0,419256.0,2020-04-29 20:22:03
20190925,186114.0,494688.0,2020-04-29 20:22:05
20190926,181220.0,498104.0,2020-04-29 20:22:07
20190927,166830.0,452796.0,2020-04-29 20:22:10
20190928,129607.0,284092.0,2020-04-29 20:22:13
20190929,132124.0,464556.0,2020-04-29 20:22:15
20190930,109986.0,232944.0,2020-04-29 20:22:17
20191001,132476.0,162232.0,2020-04-29 20:22:19
20191002,118783.0,155316.0,2020-04-29 20:22:21
20191003,130350.0,184772.0,2020-04-29 20:22:24
20191004,161293.0,219028.0,2020-04-29 20:22:26
20191005,199165.0,274964.0,2020-04-29 20:22:28
20191006,214736.0,294416.0,2020-04-29 20:22:30
20191007,188741.0,265280.0,2020-04-29 20:22:32
20191008,234974.0,387064.0,2020-04-29 20:22:35
20191009,333231.0,513400.0,2020-04-29 20:22:37
20191010,271647.0,452236.0,2020-04-29 20:22:40
20191011,264667.0,426804.0,2020-04-29 20:22:42
20191012,260528.0,411596.0,2020-04-29 20:22:45
20191013,182062.0,260988.0,2020-04-29 20:22:48
20191014,224289.0,393888.0,2020-04-29 20:22:50
20191015,240890.0,407392.0,2020-04-29 20:22:53
20191016,240682.0,402512.0,2020-04-29 20:22:55
20191017,258111.0,423468.0,2020-04-29 20:22:57
20191018,248537.0,425176.0,2020-04-29 20:22:59
20191019,207200.0,299532.0,2020-04-29 20:23:02
20191020,209338.0,321572.0,2020-04-29 20:23:04
20191021,266798.0,482912.0,2020-04-29 20:23:06
20191022,280204.0,482836.0,2020-04-29 20:23:08
20191023,277152.0,494888.0,2020-04-29 20:23:10
20191024,260586.0,476420.0,2020-04-29 20:23:14
20191025,278295.0,511876.0,2020-04-29 20:23:16
20191026,197291.0,338948.0,2020-04-29 20:23:18
20191027,190382.0,327504.0,2020-04-29 20:23:20
20191028,263021.0,513764.0,2020-04-29 20:23:22
20191029,315426.0,639944.0,2020-04-29 20:23:25
20191030,308548.0,604840.0,2020-04-29 20:23:27
20191031,322479.0,547124.0,2020-04-29 20:23:30
20191101,320053.0,390180.0,2020-04-29 20:23:32
20191102,312362.0,372176.0,2020-04-29 20:23:34
20191103,436702.0,531216.0,2020-04-29 20:23:37
20191104,498799.0,648188.0,2020-04-29 20:23:39
20191105,568562.0,751116.0,2020-04-29 20:23:41
20191106,541401.0,707548.0,2020-04-29 20:23:44
20191107,525276.0,700164.0,2020-04-29 20:23:46
20191108,356334.0,476976.0,2020-04-29 20:23:49
20191109,449647.0,569676.0,2020-04-29 20:23:51
20191110,435213.0,559072.0,2020-04-29 20:23:54
20191111,543069.0,740200.0,2020-04-29 20:23:56
20191112,579520.0,795636.0,2020-04-29 20:23:59
20191113,543078.0,769672.0,2020-04-29 20:24:01
20191114,514235.0,732372.0,2020-04-29 20:24:04
20191115,517353.0,710728.0,2020-04-29 20:24:07
20191116,470883.0,589108.0,2020-04-29 20:24:09
20191117,565104.0,680088.0,2020-04-29 20:24:12
20191118,649693.0,877116.0,2020-04-29 20:24:14
20191119,537009.0,760408.0,2020-04-29 20:24:17
20191120,585508.0,852956.0,2020-04-29 20:24:20
20191121,626898.0,860612.0,2020-04-29 20:24:23
20191122,564248.0,763784.0,2020-04-29 20:24:25
20191123,585713.0,743044.0,2020-04-29 20:24:28
20191124,543119.0,707776.0,2020-04-29 20:24:31
20191125,713181.0,1068880.0,2020-04-29 20:24:34
20191126,747500.0,1097984.0,2020-04-29 20:24:37
20191127,749238.0,1103384.0,2020-04-29 20:24:40
20191128,837785.0,1194892.0,2020-04-29 20:24:43
20191129,899380.0,1277572.0,2020-04-29 20:24:46
20191130,877717.0,1068224.0,2020-04-29 20:24:49
20191201,930243.0,1060524.0,2020-04-29 20:24:52
20191202,1309270.0,1506656.0,2020-04-29 20:24:55
20191203,1248278.0,1470384.0,2020-04-29 20:24:58
20191204,1728482.0,2025260.0,2020-04-29 20:25:01
20191205,2237202.0,2634776.0,2020-04-29 20:25:04
20191206,1647029.0,2003648.0,2020-04-29 20:25:07
20191207,1572101.0,1827852.0,2020-04-29 20:25:09
20191208,1688616.0,1976992.0,2020-04-29 20:25:12
20191209,1954517.0,2343832.0,2020-04-29 20:25:15
20191210,1371788.0,1731012.0,2020-04-29 20:25:18
20191211,1419295.0,1801452.0,2020-04-29 20:25:20
20191212,1422074.0,1797292.0,2020-04-29 20:25:23
20191213,1361473.0,1704552.0,2020-04-29 20:25:26
20191214,1061999.0,1264524.0,2020-04-29 20:25:29
20191215,1148258.0,1374672.0,2020-04-29 20:25:32
20191216,1390048.0,1796824.0,2020-04-29 20:25:34
20191217,1369321.0,1785480.0,2020-04-29 20:25:37
20191218,1377494.0,1846636.0,2020-04-29 20:25:40
20191219,1384793.0,1846212.0,2020-04-29 20:25:43
20191220,1379117.0,1832784.0,2020-04-29 20:25:46
20191221,1406291.0,1746228.0,2020-04-29 20:25:49
20191222,1329753.0,1624112.0,2020-04-29 20:25:52
20191223,1566121.0,2115000.0,2020-04-29 20:25:56
20191224,1529831.0,2162868.0,2020-04-29 20:26:00
20191225,1492617.0,2134864.0,2020-04-29 20:26:04
20191226,1496827.0,2019740.0,2020-04-29 20:26:07
20191227,1408924.0,1920000.0,2020-04-29 20:26:10
20191228,1286145.0,1588020.0,2020-04-29 20:26:15
20191229,1325586.0,1591536.0,2020-04-29 20:26:18
20191230,1465289.0,1870884.0,2020-04-29 20:26:21
20191231,1176265.0,1693396.0,2020-04-29 20:26:25
20200101,1799886.0,2037744.0,2021-08-05 11:10:04
20200102,2565140.0,2970256.0,2021-08-05 11:15:43
20200103,3004634.0,3493784.0,2021-08-05 11:16:23
20200104,2766197.0,3160144.0,2021-08-05 11:16:47
20200105,2905618.0,3290224.0,2021-08-05 11:18:08
20200106,3164897.0,3741136.0,2021-08-05 11:18:42
20200107,2943373.0,3459624.0,2021-08-05 11:19:33
20200108,3104780.0,3645200.0,2021-08-05 11:20:13
20200109,3375174.0,3964316.0,2021-08-05 11:21:45
20200110,3187449.0,3725564.0,2021-08-05 11:22:41
20200111,2999482.0,3459680.0,2021-08-05 11:23:11
20200112,1458742.0,1692925.0,2022-06-29 15:26:25
20200113,1593901.0,1925646.0,2022-06-29 15:26:29
20200114,1734236.0,2091287.0,2022-06-29 15:26:32
20200115,3648798.0,4379724.0,2021-08-05 11:26:15
20200116,3549277.0,4302620.0,2021-08-05 11:26:33
20200117,3747711.0,4634264.0,2021-08-05 11:26:59
20200118,3478941.0,4082436.0,2021-08-05 11:27:24
20200119,3408682.0,4050016.0,2021-08-05 11:27:58
20200120,3668474.0,4380124.0,2021-08-05 11:28:41
20200121,3609457.0,4250000.0,2021-08-05 11:28:49
20200122,3548266.0,4141116.0,2021-08-05 11:29:37
20200123,3567811.0,4096848.0,2021-08-05 11:29:44
20200124,2822548.0,3137104.0,2021-08-05 11:29:52
20200125,1673729.0,1850292.0,2021-08-05 11:31:07
20200126,2166425.0,2359516.0,2021-08-05 11:31:57
20200127,2172834.0,2383088.0,2021-08-05 11:33:25
20200128,2287113.0,2512884.0,2021-08-05 11:34:53
20200129,2293630.0,2542736.0,2021-08-05 11:36:21
20200130,2499536.0,2764516.0,2021-08-05 11:36:48
20200131,2565690.0,2950396.0,2021-08-05 11:37:07
20200201,2999320.0,3316924.0,2021-08-05 11:37:22
20200202,3062579.0,3396656.0,2021-08-05 11:37:44
20200203,3027430.0,3394752.0,2021-08-05 11:38:31
20200204,3840894.0,4345632.0,2021-08-05 11:54:15
20200205,3535186.0,3947200.0,2021-08-05 11:55:32
20200206,3481275.0,3882012.0,2021-08-05 11:59:29
20200207,3497814.0,3904312.0,2021-08-05 12:00:44
20200208,3320352.0,3686828.0,2021-08-05 12:01:21
20200209,3811244.0,4255376.0,2021-08-05 12:01:59
20200210,3643912.0,4113104.0,2021-08-05 12:02:17
20200211,3796250.0,4308176.0,2021-08-05 12:02:30
20200212,3661171.0,4154200.0,2021-08-05 12:02:45
20200213,3800922.0,4315244.0,2021-08-05 12:02:56
20200214,3793281.0,4303696.0,2021-08-05 12:03:04
20200215,3638329.0,4078992.0,2021-08-05 12:03:13
20200216,3454764.0,3865644.0,2021-08-05 12:03:22
20200217,3765910.0,4307556.0,2021-08-05 12:03:38
20200218,3807672.0,4349936.0,2021-08-05 12:03:55
20200219,3920719.0,4581684.0,2021-08-05 12:04:05
20200220,4700141.0,5472248.0,2021-08-05 12:04:14
20200221,4179309.0,4786848.0,2021-08-05 12:04:27
20200222,3641341.0,4121820.0,2021-08-05 12:05:08
20200223,3515328.0,3952748.0,2021-08-05 12:07:45
20200224,3774106.0,4344160.0,2021-08-05 12:09:39
20200225,3702982.0,4289100.0,2021-08-05 12:10:49
20200226,3628103.0,4156944.0,2021-08-05 12:12:55
20200227,3603158.0,4126308.0,2021-08-05 12:16:22
20200228,3544647.0,4102744.0,2021-08-05 12:18:16
20200229,3295717.0,3836852.0,2021-08-05 12:19:24
20200301,3582495.0,4005968.0,2021-08-05 12:21:11
20200302,3702082.0,4190764.0,2021-08-05 12:23:57
20200303,3822919.0,4343236.0,2021-08-05 12:24:19
20200304,4070342.0,4610396.0,2021-08-05 12:28:36
20200305,4469417.0,5092888.0,2021-08-05 12:30:46
20200306,4806389.0,5541304.0,2021-08-05 12:31:08
20200307,4447220.0,5064144.0,2021-08-05 12:31:34
20200308,4200214.0,4774252.0,2021-08-05 12:32:06
20200309,4589060.0,5292140.0,2021-08-05 12:32:40
20200310,4795743.0,5604032.0,2021-08-05 12:33:39
20200311,4639629.0,5435744.0,2021-08-05 12:35:39
20200312,4672871.0,5532052.0,2021-08-05 12:36:17
20200313,4632922.0,5525404.0,2021-08-05 12:36:53
20200314,4189628.0,4940908.0,2021-08-05 12:37:21
20200315,4025549.0,4706576.0,2021-08-05 12:37:42
20200316,4676218.0,5476128.0,2021-08-05 12:38:21
20200317,4337743.0,5065640.0,2021-08-05 12:39:10
20200318,4219223.0,4989608.0,2021-08-05 12:39:39
20200319,4090902.0,4821808.0,2021-08-05 12:39:52
20200320,3947504.0,4630960.0,2021-08-05 12:40:14
20200321,3702333.0,4306840.0,2021-08-05 12:40:45
20200322,3465805.0,4025012.0,2021-08-05 12:43:54
20200323,3825977.0,4535616.0,2021-08-05 12:45:38
20200324,3912181.0,4619280.0,2021-08-05 12:46:08
20200325,3850002.0,4545952.0,2021-08-05 12:46:41
20200326,3880363.0,4612768.0,2021-08-05 12:47:45
20200327,3874837.0,4686016.0,2021-08-05 12:49:42
20200328,3282758.0,3940116.0,2021-08-05 12:52:19
20200329,3560733.0,4368488.0,2021-08-05 12:53:30
20200330,3856022.0,4782628.0,2021-08-05 12:54:05
20200331,3861691.0,5047116.0,2021-08-05 12:54:22
20200401,4356519.0,5003492.0,2021-08-05 12:54:57
20200402,4266104.0,4954368.0,2021-08-05 12:55:22
20200403,4478094.0,5208504.0,2021-08-05 12:55:35
20200404,4021641.0,4603856.0,2021-08-05 12:57:11
20200405,4142625.0,4785736.0,2021-08-05 12:58:55
20200406,4374936.0,5090412.0,2021-08-05 12:59:35
20200407,5287677.0,6223568.0,2021-08-05 13:00:14
20200408,5199241.0,6149780.0,2021-08-05 13:00:39
20200409,5182777.0,6124820.0,2021-08-05 13:00:57
20200410,5346450.0,6748292.0,2021-08-05 13:01:17
20200411,4358482.0,5347556.0,2021-08-05 13:01:24
20200412,4366394.0,5232964.0,2021-08-05 13:01:44
20200413,5360390.0,6506916.0,2021-08-05 13:02:01
20200414,5243871.0,6301996.0,2021-08-05 13:02:10
20200415,5268440.0,6290452.0,2021-08-05 13:02:16
20200416,4864750.0,5842648.0,2021-08-05 13:02:33
20200417,4866738.0,6013552.0,2021-08-05 13:02:43
20200418,4184166.0,4946720.0,2021-08-05 13:02:50
20200419,4161659.0,4874040.0,2021-08-05 13:03:00
20200420,4997739.0,5994796.0,2021-08-05 13:03:08
20200421,4720135.0,5568108.0,2021-08-05 13:03:20
20200422,4819469.0,5722028.0,2021-08-05 13:03:40
20200423,4495661.0,5384428.0,2021-08-05 13:03:48
20200424,4462263.0,5345908.0,2021-08-05 13:04:00
20200425,3828329.0,4523704.0,2021-08-05 13:04:11
20200426,4279001.0,5138532.0,2021-08-05 13:04:20
20200427,4277917.0,5232340.0,2021-08-05 13:04:29
20200428,4427965.0,5693900.0,2021-08-05 13:04:36
20200429,4367263.0,5615236.0,2021-08-05 13:04:41
20200430,4411939.0,5802148.0,2021-08-05 13:04:49
20200501,3575233.0,4162326.0,2021-04-30 12:42:36
20200502,3426055.0,3959938.0,2021-04-30 12:43:49
20200503,4115190.0,4762259.0,2021-04-30 12:45:04
20200504,4071258.0,4762714.0,2021-04-30 12:46:18
20200505,3999441.0,4689856.0,2021-04-30 12:47:32
20200506,4580877.0,5477591.0,2021-04-30 12:48:47
20200507,4465323.0,5387877.0,2021-04-30 12:50:01
20200508,4819821.0,5883329.0,2021-04-30 12:51:16
20200509,4519867.0,5581802.0,2021-04-30 12:52:27
20200510,4034487.0,4880462.0,2021-04-30 12:53:40
20200511,4602472.0,5656231.0,2021-04-30 12:54:53
20200512,4576845.0,5645036.0,2021-04-30 12:56:03
20200513,4676977.0,5716443.0,2021-04-30 12:57:21
20200514,4689996.0,5804400.0,2021-04-30 12:58:36
20200515,4639484.0,5672621.0,2021-04-30 12:59:53
20200516,4311752.0,5143770.0,2021-04-30 13:01:07
20200517,4208518.0,4950827.0,2021-04-30 13:02:32
20200518,4835258.0,5854455.0,2021-04-30 13:04:00
20200519,4929648.0,5988091.0,2021-04-30 13:05:21
20200520,4736151.0,5792233.0,2021-04-30 13:06:42
20200521,4767565.0,5852142.0,2021-04-30 13:08:12
20200522,4417111.0,5367399.0,2021-04-30 13:09:42
20200523,4132025.0,4938149.0,2021-04-30 13:10:58
20200524,3739517.0,4447518.0,2021-04-30 13:12:18
20200525,4212374.0,5246158.0,2021-04-30 13:13:45
20200526,3998392.0,5041304.0,2021-04-30 13:15:29
20200527,4256566.0,5732339.0,2021-04-30 13:16:58
20200528,3969654.0,5244702.0,2021-04-30 13:18:29
20200529,3598144.0,4779203.0,2021-04-30 13:19:55
20200530,3752247.0,4707726.0,2021-04-30 13:21:22
20200531,3633219.0,4596241.0,2021-04-30 13:22:39
20200601,4529487.0,5434866.0,2021-04-30 13:24:33
20200602,4453953.0,5340420.0,2021-04-30 13:25:48
20200603,5201315.0,6187054.0,2021-04-30 13:27:07
20200604,5901464.0,7019948.0,2021-04-30 13:28:23
20200605,5748489.0,6889642.0,2021-04-30 13:29:39
20200606,5590180.0,6598855.0,2021-04-30 13:31:02
20200607,5441049.0,6375527.0,2021-04-30 13:32:26
20200608,5670576.0,6777031.0,2021-04-30 13:33:42
20200609,5015563.0,6100920.0,2021-04-30 13:34:53
20200610,6921367.0,8482392.0,2021-04-30 13:36:11
20200611,5463954.0,6603156.0,2021-04-30 13:37:29
20200612,5502641.0,6653513.0,2021-04-30 13:38:48
20200613,5487213.0,6563094.0,2021-04-30 13:40:05
20200614,5371143.0,6460572.0,2021-04-30 13:41:25
20200615,6333330.0,7767083.0,2021-04-30 13:43:02
20200616,6067419.0,7347496.0,2021-04-30 13:44:22
20200617,5633127.0,6845388.0,2021-04-30 13:45:44
20200618,5119802.0,6298296.0,2021-04-30 13:47:03
20200619,5158939.0,6289061.0,2021-04-30 13:48:26
20200620,5005342.0,6002811.0,2021-04-30 13:49:46
20200621,7297865.0,9102929.0,2021-04-30 13:51:18
20200622,5162389.0,6499111.0,2021-04-30 13:52:44
20200623,5266606.0,6520200.0,2021-04-30 13:54:12
20200624,5461953.0,7395988.0,2021-04-30 13:55:37
20200625,5647197.0,7308100.0,2021-04-30 13:57:00
20200626,5352610.0,6975221.0,2021-04-30 13:58:03
20200627,5151654.0,6742346.0,2021-04-30 13:59:25
20200628,4696844.0,6134334.0,2021-04-30 14:00:48
20200629,5241070.0,6577386.0,2021-04-30 14:02:28
20200630,5085981.0,6631849.0,2021-04-30 14:04:29
20200701,6253683.0,7569236.0,2021-04-30 14:06:40
20200702,5476905.0,6607148.0,2022-06-09 14:31:27
20200703,5882708.0,7123348.0,2022-06-09 14:31:35
20200704,4523598.0,5368208.0,2022-06-09 14:31:42
20200705,5181134.0,6185436.0,2022-06-09 14:31:45
20200706,6109271.0,7472672.0,2022-06-09 14:31:48
20200707,5998136.0,7320580.0,2022-06-09 14:31:51
20200708,4679099.0,5782208.0,2022-06-09 14:31:54
20200709,4264246.0,5149156.0,2022-06-09 14:31:57
20200710,7772845.0,9181328.0,2022-06-09 14:32:00
20200711,5043612.0,6045580.0,2022-06-09 14:32:03
20200712,4799082.0,5758028.0,2022-06-09 14:32:06
20200713,5499794.0,6880524.0,2022-06-09 14:32:10
20200714,6166990.0,7632048.0,2022-06-09 14:32:13
20200715,6113587.0,7640876.0,2022-06-09 14:32:16
20200716,5698007.0,7149768.0,2022-06-09 14:32:19
20200717,6288727.0,7826652.0,2022-06-09 14:32:22
20200718,5076201.0,6448928.0,2022-06-09 14:32:25
20200719,5179281.0,6500948.0,2022-06-09 14:32:28
20200720,5986425.0,7620488.0,2022-06-09 14:32:31
20200721,5636246.0,7027544.0,2022-06-09 14:32:35
20200722,4846972.0,6041396.0,2022-06-09 14:32:38
20200723,5017521.0,6267788.0,2022-06-09 14:32:41
20200724,5004962.0,6268364.0,2022-06-09 14:32:43
20200725,4709441.0,5670384.0,2022-06-09 14:32:46
20200726,4565865.0,5423184.0,2022-06-09 14:32:49
20200727,6006308.0,7260636.0,2022-06-09 14:32:52
20200728,7262850.0,8825524.0,2022-06-09 14:32:55
20200729,5485783.0,6826088.0,2022-06-09 14:32:58
20200730,5657284.0,7316564.0,2022-06-09 14:33:02
20200731,5696225.0,7359396.0,2022-06-09 14:33:05
20200801,6547404.0,7750484.0,2022-06-09 14:36:22
20200802,6256904.0,7318752.0,2022-06-09 14:36:26
20200803,8202327.0,9800796.0,2022-06-09 14:36:33
20200804,8542931.0,10236372.0,2022-06-09 14:36:39
20200805,8894325.0,10946248.0,2022-06-09 14:36:43
20200806,8744141.0,10613100.0,2022-06-09 14:36:47
20200807,7887541.0,9555308.0,2022-06-09 14:36:51
20200808,6570294.0,7905044.0,2022-06-09 14:36:54
20200809,7013023.0,8385568.0,2022-06-09 14:36:57
20200810,10536083.0,12659592.0,2022-06-09 14:37:00
20200811,9505354.0,11706216.0,2022-06-09 14:37:03
20200812,7685774.0,9367636.0,2022-06-09 14:37:06
20200813,7939294.0,9852228.0,2022-06-09 14:37:09
20200814,7604229.0,9475136.0,2022-06-09 14:37:13
20200815,7266264.0,8788128.0,2022-06-09 14:37:17
20200816,7099886.0,8523636.0,2022-06-09 14:37:21
20200817,7635789.0,9319372.0,2022-06-09 14:37:24
20200818,7522839.0,9457260.0,2022-06-09 14:37:27
20200819,7926642.0,9841088.0,2022-06-09 14:37:30
20200820,7232572.0,9200592.0,2022-06-09 14:37:34
20200821,6542630.0,8414812.0,2022-06-09 14:37:38
20200822,5678852.0,6981736.0,2022-06-09 14:37:42
20200823,5556152.0,6816676.0,2022-06-09 14:37:47
20200824,6438114.0,8348392.0,2022-06-09 14:37:50
20200825,6444525.0,8484212.0,2022-06-09 14:37:54
20200826,6346729.0,8070424.0,2022-06-09 14:37:57
20200827,6338427.0,8199040.0,2022-06-09 14:38:00
20200828,6289185.0,8118024.0,2022-06-09 14:38:04
20200829,6107437.0,7554776.0,2022-06-09 14:38:09
20200830,5929258.0,7565888.0,2022-06-09 14:38:12
20200831,6291406.0,8457844.0,2022-06-09 14:38:16
20200901,6868485.0,8752278.0,2021-04-30 16:36:10
20200902,6873119.0,8574150.0,2021-04-30 16:37:53
20200903,7316690.0,9171029.0,2021-04-30 16:39:43
20200904,7501611.0,9529425.0,2021-04-30 16:41:44
20200905,6472748.0,8121274.0,2021-04-30 16:43:43
20200906,6297494.0,7788378.0,2021-04-30 16:45:56
20200907,7070378.0,8913352.0,2021-04-30 16:47:51
20200908,7126438.0,9055996.0,2021-04-30 16:49:48
20200909,6946813.0,8915838.0,2021-04-30 16:51:30
20200910,12061666.0,14986800.0,2021-04-30 16:53:26
20200911,6020123.0,7842864.0,2021-04-30 16:55:18
20200912,5371665.0,6773230.0,2021-04-30 16:57:09
20200913,5301607.0,6818859.0,2021-04-30 16:58:54
20200914,6502375.0,8575915.0,2021-04-30 17:00:44
20200915,6496518.0,8480592.0,2021-04-30 17:02:55
20200916,6263989.0,8301955.0,2021-04-30 17:05:13
20200917,5933267.0,7883478.0,2021-04-30 17:07:46
20200918,5677952.0,7769387.0,2021-04-30 17:09:44
20200919,4971238.0,6417763.0,2021-04-30 17:11:59
20200920,4890155.0,6280729.0,2021-04-30 17:14:16
20200921,5123982.0,6684590.0,2021-04-30 17:16:26
20200922,5470623.0,7355936.0,2021-04-30 17:17:15
20200923,5417387.0,7253505.0,2021-04-30 17:19:21
20200924,5241928.0,7037818.0,2021-04-30 17:21:10
20200925,7347705.0,9879806.0,2021-04-30 17:23:03
20200926,4974113.0,6481286.0,2021-04-30 17:25:08
20200927,5383223.0,7495988.0,2021-04-30 17:27:11
20200928,5436674.0,7657320.0,2021-04-30 17:28:58
20200929,4760423.0,6786064.0,2021-04-30 17:29:52
20200930,3401138.0,4595777.0,2021-04-30 17:31:44
20201001,5494515.0,6659655.0,2021-05-06 08:58:52
20201002,5345832.0,6439329.0,2021-05-06 09:00:52
20201003,5651373.0,6806037.0,2021-05-06 09:03:00
20201004,5915730.0,7129290.0,2021-05-06 09:05:18
20201005,5636607.0,6858529.0,2021-05-06 09:07:43
20201006,5923187.0,7204114.0,2021-05-06 09:10:00
20201007,5494008.0,6724785.0,2021-05-06 09:12:09
20201008,5646114.0,6881964.0,2021-05-06 09:14:12
20201009,7111035.0,8850975.0,2021-05-06 09:16:22
20201010,11817767.0,14276684.0,2021-05-06 09:18:21
20201011,6080046.0,7566475.0,2021-05-06 09:20:32
20201012,6518733.0,8547375.0,2021-05-06 09:22:38
20201013,6630331.0,8768602.0,2021-05-06 09:24:48
20201014,6474402.0,8721628.0,2021-05-06 09:26:52
20201015,6228748.0,8351346.0,2021-05-06 09:28:46
20201016,6167329.0,8245653.0,2021-05-06 09:30:45
20201017,5429630.0,6964189.0,2021-05-06 09:32:41
20201018,5478698.0,6981042.0,2021-05-06 09:34:31
20201019,6468209.0,8934844.0,2021-05-06 09:35:21
20201020,5800389.0,7785084.0,2021-05-06 09:36:16
20201021,5727477.0,7832168.0,2021-05-06 09:37:09
20201022,5293325.0,7312528.0,2021-05-06 09:37:45
20201023,5600657.0,7692080.0,2021-05-06 09:39:30
20201024,4643464.0,6164483.0,2021-05-06 09:41:20
20201025,4922320.0,6362925.0,2021-05-06 09:43:51
20201026,5349765.0,7541804.0,2021-05-06 09:46:39
20201027,5304460.0,7622836.0,2021-05-06 09:49:04
20201028,5228165.0,7855638.0,2021-05-06 09:51:54
20201029,5494337.0,8289184.0,2021-05-06 09:54:21
20201030,5114716.0,7656480.0,2021-05-06 09:57:17
20201031,4710263.0,6525070.0,2021-05-06 10:00:23
20201101,5614618.0,7047750.0,2021-05-06 10:03:37
20201102,5887906.0,7586568.0,2021-05-06 10:06:25
20201103,6813368.0,8808694.0,2021-05-06 10:09:01
20201104,6644211.0,8707706.0,2021-05-06 10:11:42
20201105,7204400.0,9515695.0,2021-05-06 10:14:43
20201106,6885145.0,9145990.0,2021-05-06 10:17:14
20201107,6106488.0,7727274.0,2021-05-06 10:19:21
20201108,5520952.0,6897038.0,2021-05-06 10:21:22
20201109,7108759.0,9649177.0,2021-05-06 10:23:13
20201110,10434945.0,13345547.0,2021-05-06 10:25:07
20201111,7958864.0,10387499.0,2021-05-06 10:27:14
20201112,6776960.0,9088805.0,2021-05-06 10:29:08
20201113,6180991.0,8371438.0,2021-05-06 10:30:57
20201114,5973149.0,7778552.0,2021-05-06 10:32:42
20201115,5925956.0,7629393.0,2021-05-06 10:34:33
20201116,7263215.0,9744173.0,2021-05-06 10:36:37
20201117,7056589.0,9517547.0,2021-05-06 10:38:26
20201118,7304338.0,9879071.0,2021-05-06 10:40:35
20201119,6454935.0,8837421.0,2021-05-06 10:42:33
20201120,6900636.0,9227141.0,2021-05-06 10:44:28
20201121,6142602.0,7571932.0,2021-05-06 10:46:23
20201122,6198269.0,7519106.0,2021-05-06 10:49:06
20201123,7390452.0,9833239.0,2021-05-06 10:51:02
20201124,7099099.0,9952440.0,2021-05-06 10:53:13
20201125,7106231.0,10254865.0,2021-05-06 10:55:12
20201126,7533786.0,10764940.0,2021-05-06 10:57:13
20201127,6973204.0,10156667.0,2021-05-06 10:59:08
20201128,6327617.0,8538550.0,2021-05-06 11:01:07
20201129,6324791.0,8467674.0,2021-05-06 11:03:37
20201130,7500668.0,10794259.0,2021-05-06 11:06:20
20201201,8455420.0,10748682.0,2021-05-06 11:09:09
20201202,8410141.0,10806628.0,2021-05-06 11:11:37
20201203,8329867.0,10940327.0,2021-05-06 11:14:06
20201204,9174513.0,12332430.0,2021-05-06 11:16:14
20201205,9070513.0,11701129.0,2021-05-06 11:18:10
20201206,8214842.0,10399454.0,2021-05-06 11:20:07
20201207,9425579.0,12782171.0,2021-05-06 11:22:08
20201208,8985532.0,12658615.0,2021-05-06 11:24:07
20201209,9566334.0,13523671.0,2021-05-06 11:26:09
20201210,22657139.0,28636764.0,2021-05-06 11:28:03
20201211,9457337.0,12733830.0,2021-05-06 11:30:10
20201212,8078173.0,10514966.0,2021-05-06 11:32:12
20201213,8044219.0,10191368.0,2021-05-06 11:34:15
20201214,9895290.0,13260495.0,2021-05-06 11:36:19
20201215,9681095.0,13218672.0,2021-05-06 11:38:23
20201216,9579289.0,13030132.0,2021-05-06 11:40:24
20201217,9342782.0,12574689.0,2021-05-06 11:42:19
20201218,9179551.0,12158914.0,2021-05-06 11:44:07
20201219,8167073.0,10233568.0,2021-05-06 11:46:09
20201220,7624003.0,9360980.0,2021-05-06 11:48:16
20201221,8727730.0,11573719.0,2021-05-06 11:50:14
20201222,10866096.0,14055874.0,2021-05-06 11:52:09
20201223,11033619.0,14660146.0,2021-05-06 11:54:05
20201224,8676532.0,11933320.0,2021-05-06 11:55:55
20201225,8891931.0,12352557.0,2021-05-06 11:57:57
20201226,7557032.0,10031340.0,2021-05-06 12:00:01
20201227,7521711.0,10037303.0,2021-05-06 12:02:06
20201228,8404046.0,12130828.0,2021-05-06 12:04:40
20201229,8896289.0,12597498.0,2021-05-06 12:07:44
20201230,8395895.0,12081506.0,2021-05-06 12:09:54
20201231,7166483.0,9736618.0,2021-05-06 12:11:49
20210101,12310969.0,14800324.0,2022-04-25 10:33:56
20210102,10796464.0,12909224.0,2022-04-25 10:41:31
20210103,10936006.0,13163248.0,2022-04-25 11:00:10
20210104,12996340.0,16472064.0,2022-04-25 11:06:55
20210105,13840567.0,17626232.0,2022-04-25 11:20:43
20210106,13616232.0,17677768.0,2022-04-25 11:26:39
20210107,14387313.0,18541328.0,2022-04-25 14:47:13
20210108,12461293.0,15815408.0,2022-04-25 14:55:26
20210109,11214365.0,13888780.0,2022-04-25 15:33:01
20210110,19642701.0,26276412.0,2022-04-25 15:39:14
20210111,12689253.0,16815884.0,2022-04-25 16:03:28
20210112,12440888.0,16532172.0,2022-04-25 16:11:11
20210113,11861104.0,15721256.0,2022-04-25 18:39:51
20210114,11420750.0,15273464.0,2022-04-25 18:45:40
20210115,11714066.0,15386136.0,2022-04-26 09:16:09
20210116,10533576.0,13068400.0,2022-04-26 09:29:04
20210117,10133312.0,12480732.0,2022-04-26 11:10:59
20210118,11204146.0,14754008.0,2022-04-26 11:18:37
20210119,10655916.0,13699880.0,2022-04-26 14:14:34
20210120,10598092.0,13275520.0,2022-04-26 14:22:41
20210121,10261675.0,12943444.0,2022-04-26 14:39:24
20210122,9920631.0,12483048.0,2022-04-26 14:46:20
20210123,8625409.0,10442704.0,2022-04-27 10:03:35
20210124,9267941.0,11065676.0,2022-04-27 10:14:34
20210125,8703294.0,11159480.0,2022-04-27 11:13:57
20210126,9755058.0,12685164.0,2022-04-27 11:21:08
20210127,9072514.0,11891432.0,2022-04-27 14:15:58
20210128,9180716.0,12288604.0,2022-04-27 14:34:20
20210129,8990284.0,11944328.0,2022-04-27 15:17:32
20210130,8142649.0,9959180.0,2022-04-27 15:26:09
20210131,8595595.0,10362891.0,2021-05-06 13:50:32
20210201,19165259.0,24018982.0,2021-05-06 14:11:43
20210202,11219905.0,14316769.0,2021-05-06 14:13:45
20210203,12834478.0,16462907.0,2021-05-06 14:15:48
20210204,13713455.0,17871795.0,2021-05-06 14:17:52
20210205,12751968.0,16892191.0,2021-05-06 14:20:06
20210206,11070708.0,14196569.0,2021-05-06 14:22:20
20210207,12005126.0,15817778.0,2021-05-06 14:24:17
20210208,13044327.0,17133608.0,2021-05-06 14:26:09
20210209,12779464.0,16834966.0,2022-04-25 10:20:01
20210210,17467214.0,22402531.0,2021-05-06 14:29:47
20210211,10263098.0,12335549.0,2021-05-06 14:31:34
20210212,5204657.0,6051092.0,2021-05-06 14:34:53
20210213,5752070.0,6711614.0,2021-05-06 14:36:54
20210214,5750450.0,6692486.0,2021-05-06 14:39:07
20210215,6188296.0,7353028.0,2021-05-06 14:41:41
20210216,6466810.0,7841029.0,2021-05-06 14:43:40
20210217,6875407.0,8561728.0,2021-05-06 14:45:27
20210218,9100956.0,11788607.0,2021-05-06 14:47:15
20210219,8850712.0,11770961.0,2021-05-06 14:49:02
20210220,8662375.0,11615348.0,2021-05-06 14:51:07
20210221,7737665.0,9627604.0,2021-05-06 14:54:01
20210222,8661659.0,11445740.0,2021-05-06 14:56:13
20210223,8379599.0,11269292.0,2021-05-06 14:58:10
20210224,8049177.0,10743612.0,2021-05-06 15:00:12
20210225,8019965.0,10736382.0,2021-05-06 15:02:16
20210226,7438213.0,9828987.0,2021-05-06 15:04:47
20210227,7147624.0,8961428.0,2021-05-06 15:07:48
20210228,7460953.0,9188153.0,2021-05-06 15:11:08
20210301,8711361.0,10728001.0,2021-05-06 15:13:55
20210302,8660549.0,10831597.0,2021-05-06 15:17:23
20210303,10253453.0,12887884.0,2021-05-06 15:19:48
20210304,9155327.0,11934148.0,2021-05-06 15:22:07
20210305,8924408.0,11657565.0,2021-05-06 15:24:28
20210306,8220260.0,10243052.0,2021-05-06 15:26:37
20210307,7475262.0,9169002.0,2021-05-06 15:28:57
20210308,8598415.0,11339736.0,2021-05-06 15:31:11
20210309,9329881.0,12396193.0,2021-05-06 15:33:17
20210310,16021355.0,20889748.0,2021-05-06 15:35:21
20210311,8523100.0,11453307.0,2021-05-06 15:37:32
20210312,8705324.0,11981377.0,2021-05-06 15:39:35
20210313,7114928.0,9288978.0,2021-05-06 15:41:54
20210314,7216320.0,9215411.0,2021-05-06 15:44:10
20210315,9150392.0,12413724.0,2021-05-06 15:46:25
20210316,8834119.0,11898539.0,2021-05-06 15:48:40
20210317,7705270.0,10371055.0,2021-05-06 15:51:01
20210318,7842945.0,10312486.0,2021-05-06 15:53:17
20210319,7820245.0,9898871.0,2021-05-06 15:55:47
20210320,7246771.0,8755568.0,2021-05-06 15:57:57
20210321,6964898.0,8194156.0,2021-05-06 16:00:02
20210322,8242327.0,10368901.0,2021-05-06 16:02:01
20210323,7357830.0,9407924.0,2021-05-06 16:04:25
20210324,7250703.0,9193663.0,2021-05-06 16:06:27
20210325,7593089.0,9675250.0,2021-05-06 16:08:31
20210326,7384511.0,9187309.0,2021-05-06 16:10:37
20210327,6434856.0,7683680.0,2021-05-06 16:12:40
20210328,6223003.0,7306065.0,2021-05-06 16:14:52
20210329,7138428.0,9090452.0,2021-05-06 16:16:49
20210330,6986518.0,8967797.0,2021-05-06 16:18:56
20210331,6485633.0,8053381.0,2021-05-06 16:20:57
20210401,8053707.0,9699372.0,2021-05-06 16:27:32
20210402,8430682.0,10305172.0,2021-05-06 16:30:05
20210403,8309794.0,10071182.0,2021-05-06 16:32:22
20210404,7582632.0,9026391.0,2021-05-06 16:34:43
20210405,7860952.0,9475157.0,2021-05-06 16:37:04
20210406,9452361.0,12008220.0,2021-05-06 16:39:15
20210407,9560382.0,12173844.0,2021-05-06 16:41:29
20210408,9569881.0,12281510.0,2021-05-06 16:44:01
20210409,9325921.0,11834326.0,2021-05-06 16:46:11
20210410,19684852.0,23829039.0,2021-05-06 16:48:19
20210411,8679696.0,10537745.0,2021-05-06 16:50:13
20210412,10066467.0,13130726.0,2021-05-06 16:52:07
20210413,9205372.0,12074488.0,2021-05-06 16:54:02
20210414,8838930.0,11671275.0,2021-05-06 16:56:03
20210415,8929544.0,11742742.0,2021-05-06 16:57:57
20210416,8457788.0,11005276.0,2021-05-06 16:58:34
20210417,7595672.0,9482044.0,2021-05-06 16:59:17
20210418,7427757.0,9066648.0,2021-05-06 16:59:58
20210419,9111115.0,11596500.0,2021-05-06 17:00:43
20210420,8846148.0,10960720.0,2021-05-06 17:01:24
20210421,8406100.0,10397840.0,2021-05-06 17:02:10
20210422,8104673.0,10037600.0,2021-05-06 17:03:12
20210423,7727723.0,9543452.0,2021-05-06 17:04:14
20210424,6840677.0,8168612.0,2021-05-06 17:05:05
20210425,8029271.0,9953812.0,2021-05-06 17:05:46
20210426,6929858.0,8510160.0,2021-04-27 14:28:26
20210427,7075634.0,8827056.0,2021-04-28 06:35:41
20210428,7504390.0,9253780.0,2021-04-29 06:34:03
20210429,7094693.0,8697480.0,2021-04-30 06:35:03
20210430,7229249.0,8887128.0,2021-05-01 06:35:44
20210501,7261077.0,8495896.0,2021-05-02 06:35:24
20210502,7656008.0,8983488.0,2021-05-03 06:35:42
20210503,8764431.0,10462400.0,2021-05-04 06:35:20
20210504,8186714.0,9864124.0,2021-05-05 06:35:58
20210505,8008431.0,9653192.0,2021-05-06 06:34:48
20210506,9735896.0,12313168.0,2021-05-07 06:34:29
20210507,9357253.0,12023832.0,2021-05-08 06:38:20
20210508,8820237.0,11073972.0,2021-05-09 06:35:56
20210509,10134719.0,12295492.0,2021-05-10 06:38:44
20210510,18171137.0,22748700.0,2021-05-11 06:37:19
20210511,9662513.0,12228572.0,2021-05-12 06:35:06
20210512,9145088.0,11813988.0,2021-05-13 06:36:28
20210513,8224598.0,10418484.0,2021-05-14 06:35:55
20210514,8989099.0,11495912.0,2021-05-15 06:36:14
20210515,8163644.0,10008968.0,2021-05-16 06:32:37
20210516,7760456.0,9339680.0,2021-05-17 06:32:59
20210517,9073130.0,11394339.0,2021-05-18 06:34:58
20210518,8425447.0,10557974.0,2021-05-19 06:35:24
20210519,8791993.0,10973622.0,2021-05-20 06:33:40
20210520,16898952.0,20001515.0,2021-05-21 06:40:33
20210521,7581258.0,9356212.0,2021-05-22 06:37:03
20210522,7056912.0,8463643.0,2021-05-23 06:43:16
20210523,6845501.0,8267766.0,2021-05-24 06:34:12
20210524,8450422.0,10719931.0,2021-05-25 06:35:00
20210525,8151614.0,10794607.0,2021-05-26 11:16:24
20210526,7754491.0,9835292.0,2021-06-09 22:10:50
20210527,7554259.0,9507904.0,2021-06-09 22:11:00
20210528,7227887.0,8952716.0,2021-06-09 22:11:15
20210529,6466329.0,7601492.0,2021-06-09 22:11:26
20210530,6657506.0,7864004.0,2021-06-09 22:11:36
20210531,8021492.0,9852700.0,2021-06-09 22:11:53
20210601,8782366.0,10785788.0,2021-06-09 22:12:08
20210602,8996053.0,11090424.0,2021-06-09 22:12:24
20210603,11139330.0,14167836.0,2021-06-09 22:12:35
20210604,10705352.0,13910348.0,2021-06-09 22:12:46
20210605,9366214.0,11573264.0,2021-06-09 22:12:57
20210606,8959416.0,10861412.0,2021-06-09 22:13:09
20210607,10555300.0,13269624.0,2021-06-08 15:50:21
20210608,10193306.0,12864636.0,2021-06-09 06:32:59
20210609,10505390.0,13286640.0,2021-06-10 06:33:15
20210610,22074659.0,28475284.0,2021-06-11 06:34:28
20210611,10899149.0,13718832.0,2021-06-12 06:33:53
20210612,9557175.0,11463352.0,2021-06-13 06:33:47
20210613,10531737.0,12505188.0,2021-06-14 06:34:15
20210614,10866692.0,12847076.0,2021-06-15 06:32:34
20210615,13593503.0,16965936.0,2021-06-16 06:34:33
20210616,11984981.0,14898108.0,2021-06-17 06:33:50
20210617,11182318.0,13989156.0,2021-06-18 06:34:24
20210618,10157561.0,12854636.0,2021-06-19 06:33:22
20210619,8953343.0,10823220.0,2021-06-20 06:34:56
20210620,9187120.0,11033156.0,2021-06-21 06:34:38
20210621,10796973.0,13411380.0,2021-06-22 06:33:36
20210622,10542833.0,13060164.0,2021-06-23 06:35:17
20210623,10441432.0,12973180.0,2021-06-24 06:32:46
20210624,10171579.0,12868344.0,2021-06-25 06:34:09
20210625,9983017.0,12646000.0,2021-06-26 06:32:36
20210626,9983274.0,11832228.0,2021-06-27 06:31:54
20210627,10807140.0,12688560.0,2021-06-28 06:33:24
20210628,12907924.0,15772884.0,2021-06-29 06:32:47
20210629,9418911.0,11255568.0,2021-06-30 06:47:15
20210630,12483546.0,16318472.0,2021-07-01 06:32:52
20210701,11704080.0,14222508.0,2021-07-02 06:32:55
20210702,12481543.0,15221044.0,2021-07-03 06:33:27
20210703,12888841.0,15634024.0,2021-07-04 06:33:46
20210704,13019237.0,15639932.0,2021-07-05 06:34:31
20210705,14371312.0,17872344.0,2021-07-06 06:34:26
20210706,14737471.0,18232852.0,2021-07-07 06:34:56
20210707,14416669.0,17603712.0,2021-07-08 06:32:57
20210708,14040823.0,17339496.0,2021-07-09 06:33:38
20210709,15230041.0,18901164.0,2021-07-10 06:34:20
20210710,28667003.0,35692800.0,2021-07-11 06:34:42
20210711,15486991.0,18438020.0,2021-07-12 10:21:48
20210712,15939160.0,19670692.0,2021-07-13 06:34:17
20210713,13964426.0,17069736.0,2021-07-14 06:37:51
20210714,16738602.0,20445396.0,2021-07-15 12:15:59
20210715,15693759.0,19226984.0,2021-07-16 06:43:54
20210716,15533137.0,18803400.0,2021-07-17 06:36:48
20210717,13824416.0,16393568.0,2021-07-18 06:38:35
20210718,13228137.0,15652512.0,2021-07-19 06:34:12
20210719,14296575.0,17688224.0,2021-07-20 06:35:27
20210720,13202224.0,16509344.0,2021-07-21 06:51:30
20210721,13487877.0,16764044.0,2021-07-22 06:38:01
20210722,13450603.0,16758404.0,2021-07-23 06:37:38
20210723,13255929.0,16594804.0,2021-07-24 06:36:15
20210724,12386068.0,15197876.0,2021-07-25 06:41:43
20210725,13913947.0,16935988.0,2021-07-26 06:37:17
20210726,16441495.0,20546244.0,2021-07-27 06:34:08
20210727,14482593.0,18116496.0,2021-07-28 06:42:24
20210728,13197230.0,16678500.0,2021-07-29 06:34:32
20210729,12449627.0,15522196.0,2021-07-30 06:33:56
20210730,13311402.0,16668140.0,2021-07-31 09:51:42
20210731,13918504.0,17016612.0,2021-08-01 06:58:13
20210801,16590239.0,20199512.0,2021-08-02 06:39:23
20210802,17740656.0,21920308.0,2021-08-03 11:05:02
20210803,20159378.0,25233568.0,2021-08-04 06:53:42
20210804,19618473.0,24390112.0,2021-08-05 06:45:10
20210805,17765112.0,22280032.0,2021-08-06 07:08:23
20210806,16794802.0,21187072.0,2021-08-07 06:58:05
20210807,16097805.0,19843152.0,2021-08-08 06:47:24
20210808,14859496.0,18314900.0,2021-08-09 06:50:13
20210809,17522338.0,22029764.0,2021-08-10 06:45:48
20210810,33770105.0,42858528.0,2021-08-11 06:49:05
20210811,16015606.0,20527264.0,2021-08-12 06:57:40
20210812,14030243.0,18060172.0,2021-08-13 06:35:42
20210813,13834035.0,18126780.0,2021-08-14 06:35:51
20210814,21416497.0,25422872.0,2021-08-15 06:43:02
20210815,12589223.0,15739192.0,2021-08-16 06:41:18
20210816,14264805.0,17995280.0,2021-08-17 06:41:44
20210817,13375535.0,17109928.0,2021-08-18 06:51:48
20210818,14164895.0,17594656.0,2021-08-19 06:33:56
20210819,14645431.0,18108152.0,2021-08-20 06:31:21
20210820,14607887.0,17853468.0,2021-08-21 06:57:49
20210821,12349494.0,14781308.0,2021-08-22 06:44:02
20210822,12028135.0,14282424.0,2021-08-23 06:45:31
20210823,13212190.0,16252440.0,2021-08-24 06:33:07
20210824,12358703.0,15184076.0,2021-08-25 13:11:39
20210825,11594926.0,14390872.0,2021-08-26 06:03:52
20210826,11031992.0,13698836.0,2021-08-27 06:10:52
20210827,10148833.0,12700644.0,2021-08-28 06:05:25
20210828,9194669.0,11268908.0,2021-08-29 06:04:19
20210829,9047948.0,10965704.0,2021-08-30 06:10:00
20210830,10948124.0,13867236.0,2021-08-31 06:04:54
20210831,10956166.0,14061820.0,2021-09-01 06:18:32
20210901,12262948.0,16165584.0,2021-09-02 06:06:10
20210902,13760979.0,17222772.0,2021-09-03 06:22:03
20210903,14704198.0,18645816.0,2021-09-04 06:12:48
20210904,13093224.0,16370768.0,2021-09-05 06:04:46
20210905,13133638.0,16396980.0,2021-09-06 06:04:29
20210906,15258515.0,19416396.0,2021-09-07 10:46:00
20210907,12516611.0,15933516.0,2021-09-08 06:03:50
20210908,14080573.0,17905744.0,2021-09-09 06:05:27
20210909,12904065.0,16470420.0,2021-09-10 06:04:19
20210910,17412011.0,21712316.0,2021-09-11 06:04:44
20210911,13570791.0,16606612.0,2021-09-12 06:04:32
20210912,13483270.0,16466856.0,2021-09-13 06:03:56
20210913,14985837.0,19547420.0,2021-09-14 06:09:18
20210914,12900343.0,16736512.0,2021-09-15 06:03:35
20210915,14158744.0,18141104.0,2021-09-16 06:04:03
20210916,12503034.0,16079160.0,2021-09-17 14:22:30
20210917,11440569.0,14694744.0,2021-09-18 06:03:49
20210918,11644267.0,15015020.0,2021-09-19 06:04:12
20210919,10418740.0,12841352.0,2021-09-20 06:03:59
20210920,10797507.0,13264360.0,2021-09-21 06:09:46
20210921,9794928.0,11789252.0,2021-09-22 06:06:48
20210922,13087931.0,16528016.0,2021-09-23 06:05:10
20210923,12298041.0,15948148.0,2021-09-24 06:04:30
20210924,11992354.0,15608100.0,2021-09-25 06:04:27
20210925,11134618.0,13914072.0,2021-09-26 06:04:52
20210926,12202879.0,15625472.0,2021-09-27 06:04:54
20210927,10960734.0,14404740.0,2021-09-28 06:05:00
20210928,9903099.0,12931408.0,2021-09-29 06:05:13
20210929,9019328.0,11989004.0,2021-09-30 06:04:25
20210930,9019672.0,12106744.0,2021-10-01 06:05:31
20211001,10024949.0,12411804.0,2021-10-02 06:06:30
20211002,9905144.0,12050232.0,2021-10-03 06:04:23
20211003,11794987.0,14339344.0,2021-10-04 06:05:12
20211004,10993964.0,13464428.0,2021-10-05 06:04:47
20211005,10506315.0,12864724.0,2021-10-06 06:05:07
20211006,15723535.0,20283372.0,2021-10-07 06:05:12
20211007,12071815.0,15549668.0,2021-10-08 06:05:11
20211008,15520443.0,20206532.0,2021-10-09 06:18:48
20211009,20384532.0,25365124.0,2021-10-10 06:05:05
20211010,23696317.0,31094660.0,2021-10-11 06:07:09
20211011,17543797.0,23123256.0,2021-10-12 06:08:12
20211012,13863932.0,18808280.0,2021-10-13 06:08:39
20211013,12368629.0,16728636.0,2021-10-14 06:07:16
20211014,12179700.0,16244984.0,2021-10-15 06:06:56
20211015,13206553.0,17321876.0,2021-10-16 06:09:52
20211016,11313478.0,14295508.0,2021-10-17 06:07:23
20211017,11445541.0,14203176.0,2021-10-18 06:05:51
20211018,13974881.0,17869592.0,2021-10-19 06:07:21
20211019,13171070.0,16979812.0,2021-10-20 06:06:07
20211020,13018171.0,16884172.0,2021-10-21 06:10:25
20211021,11810809.0,15244608.0,2021-10-22 06:06:10
20211022,11438077.0,14810260.0,2021-10-23 06:08:01
20211023,10409500.0,13041280.0,2021-10-24 06:08:35
20211024,10446409.0,12974808.0,2021-10-25 06:06:30
20211025,12005380.0,15777424.0,2021-10-26 06:14:19
20211026,11639142.0,15275436.0,2021-10-27 06:15:59
20211027,11357172.0,14848364.0,2021-10-28 06:26:34
20211028,11655931.0,15168280.0,2021-10-29 06:48:18
20211029,10811581.0,14211900.0,2021-10-30 06:20:13
20211030,9886209.0,12335404.0,2021-10-31 06:20:57
20211031,10205305.0,12670184.0,2021-11-01 06:33:46
20211101,12862140.0,16161864.0,2021-11-02 06:35:05
20211102,13299814.0,16856688.0,2021-11-03 06:41:38
20211103,16532594.0,21489716.0,2021-11-04 06:22:24
20211104,16985741.0,21746704.0,2021-11-05 06:26:49
20211105,17404866.0,22467584.0,2021-11-06 06:34:19
20211106,16502246.0,20576704.0,2021-11-07 06:17:43
20211107,14805214.0,18087120.0,2021-11-08 06:22:16
20211108,18949486.0,23850556.0,2021-11-09 06:27:27
20211109,18340689.0,23507144.0,2021-11-10 06:27:35
20211110,24303970.0,31067272.0,2021-11-11 06:41:51
20211111,21937688.0,28309052.0,2021-11-12 06:32:07
20211112,21728944.0,29389312.0,2021-11-13 06:49:51
20211113,15202724.0,19721836.0,2021-11-14 06:21:33
20211114,14196711.0,17822592.0,2021-11-15 06:25:35
20211115,19190444.0,24717872.0,2021-11-16 06:48:17
20211116,16623764.0,21326944.0,2021-11-17 06:56:53
20211117,16056582.0,20423848.0,2021-11-18 06:32:48
20211118,15340425.0,19434016.0,2021-11-19 06:41:52
20211119,14104579.0,17853820.0,2021-11-20 06:30:52
20211120,11821329.0,14871260.0,2021-11-21 06:37:25
20211121,12459091.0,15391120.0,2021-11-22 06:35:04
20211122,14884832.0,18968020.0,2021-11-23 06:41:58
20211123,15200145.0,19404940.0,2021-11-24 06:33:27
20211124,14215166.0,18528116.0,2021-11-25 06:44:15
20211125,13687096.0,17909496.0,2021-11-26 06:46:37
20211126,11966476.0,15163688.0,2021-11-27 06:40:58
20211127,6411066.0,7916412.0,2021-11-28 14:41:09
20211128,12462053.0,15543016.0,2021-11-29 06:44:29
20211129,14182732.0,18984520.0,2021-11-30 06:45:29
20211130,13890232.0,18733432.0,2021-12-01 06:49:14
20211201,15474193.0,19720764.0,2021-12-02 23:41:23
20211202,16191599.0,20821952.0,2021-12-03 23:50:06
20211203,16446660.0,21663344.0,2021-12-04 07:31:40
20211204,14216037.0,18552316.0,2021-12-10 23:41:25
20211205,15559095.0,19458696.0,2021-12-10 16:59:55
20211206,19462778.0,25143284.0,2021-12-16 11:12:26
20211207,18047221.0,23130596.0,2021-12-16 15:23:50
20211208,16939772.0,22200964.0,2021-12-09 07:02:12
20211209,17954142.0,23339172.0,2021-12-10 07:29:12
20211210,22603872.0,28987976.0,2021-12-11 07:38:36
20211211,15924311.0,20218036.0,2021-12-12 06:39:52
20211212,19264384.0,24321476.0,2021-12-13 06:37:05
20211213,17884149.0,23897476.0,2021-12-14 07:03:26
20211214,18058838.0,24334676.0,2021-12-15 06:50:47
20211215,20196275.0,27417296.0,2021-12-16 06:55:11
20211216,18740841.0,24091616.0,2021-12-17 06:56:40
20211217,18643128.0,23788504.0,2021-12-18 07:24:27
20211218,16161480.0,19957584.0,2021-12-19 07:44:59
20211219,15200862.0,18671468.0,2021-12-20 07:22:04
20211220,18298139.0,23616916.0,2021-12-26 14:00:05
20211221,16929425.0,21814800.0,2021-12-22 08:07:41
20211222,16693577.0,21393420.0,2021-12-23 07:19:17
20211223,16860532.0,21659172.0,2021-12-24 06:50:01
20211224,14916876.0,19218952.0,2021-12-25 06:41:53
20211225,16233272.0,20002860.0,2021-12-26 06:51:09
20211226,17874537.0,21681220.0,2021-12-27 06:44:57
20211227,21478923.0,27386124.0,2021-12-28 06:55:09
20211228,17920377.0,23017828.0,2021-12-29 07:02:19
20211229,16466907.0,21415300.0,2021-12-30 12:00:09
20211230,12500832.0,16170972.0,2021-12-31 07:06:09
20211231,11546197.0,14755348.0,2022-01-01 07:03:31
20220101,16634412.0,20333652.0,2022-01-02 06:51:35
20220102,17720117.0,21706276.0,2022-01-03 06:40:13
20220103,18952974.0,23556996.0,2022-01-04 06:38:22
20220104,23131117.0,29028384.0,2022-01-05 06:42:20
20220105,23416419.0,29286408.0,2022-01-06 06:39:43
20220106,23893253.0,29974720.0,2022-01-07 06:40:19
20220107,16354904.0,20097368.0,2022-01-08 06:44:51
20220108,22924503.0,27555556.0,2022-01-09 06:46:20
20220109,21298171.0,25605156.0,2022-01-10 06:43:16
20220110,25250206.0,30979820.0,2022-01-11 06:36:56
20220111,22474904.0,27939368.0,2022-01-12 06:36:10
20220112,22742225.0,27696384.0,2022-01-13 06:48:34
20220113,19125799.0,23559368.0,2022-01-14 06:48:43
20220114,14820663.0,18201172.0,2022-01-15 06:38:23
20220115,21103081.0,25380348.0,2022-04-30 09:59:02
20220116,18063879.0,21890420.0,2022-01-17 06:37:32
20220117,22319322.0,27125772.0,2022-01-18 06:35:06
20220118,19927048.0,24538156.0,2022-01-19 06:38:42
20220119,18479058.0,23057512.0,2022-01-20 06:35:36
20220120,18374957.0,22758432.0,2022-04-30 09:59:08
20220121,20613445.0,24885808.0,2022-04-30 09:59:13
20220122,17496448.0,20703772.0,2022-04-22 18:26:19
20220123,17805650.0,20992292.0,2022-04-30 09:59:17
20220124,19342038.0,23409160.0,2022-04-30 09:59:22
20220125,19624363.0,23583732.0,2022-04-30 09:59:26
20220126,19297390.0,23051056.0,2022-01-27 14:13:46
20220127,19095460.0,22853956.0,2022-01-28 06:44:25
20220128,21560021.0,25360852.0,2022-01-29 06:42:48
20220129,20346629.0,24067108.0,2022-01-30 06:35:57
20220130,20876709.0,24627484.0,2022-01-31 06:36:43
20220131,18414067.0,21403144.0,2022-02-01 06:43:04
20220201,12276940.0,14696588.0,2022-02-02 07:11:11
20220202,14456099.0,17183292.0,2022-02-03 06:52:12
20220203,16254399.0,19390420.0,2022-02-04 06:41:50
20220204,18316322.0,21641320.0,2022-02-05 06:50:20
20220205,18094639.0,21340680.0,2022-02-06 06:44:45
20220206,19380912.0,22741596.0,2022-02-07 03:21:44
20220207,22955426.0,27727620.0,2022-02-08 03:20:58
20220208,21950033.0,26971868.0,2022-02-09 03:23:05
20220209,20229768.0,24968532.0,2022-02-10 03:29:50
20220210,23578772.0,29239980.0,2022-02-11 03:24:25
20220211,22427892.0,27814476.0,2022-02-12 03:28:04
20220212,18615361.0,22822960.0,2022-02-13 03:21:22
20220213,18245008.0,22302996.0,2022-02-14 03:20:39
20220214,18558529.0,23062084.0,2022-02-15 03:24:46
20220215,22624488.0,27921124.0,2022-02-16 03:22:30
20220216,19941473.0,25004928.0,2022-02-17 17:37:14
20220217,22835188.0,28525492.0,2022-04-30 09:59:31
20220218,22537976.0,28237768.0,2022-02-19 03:16:11
20220219,19750341.0,24660368.0,2022-02-20 10:09:28
20220220,18549333.0,23062864.0,2022-02-21 10:27:00
20220221,20903301.0,26355372.0,2022-05-05 10:55:43
20220222,19466742.0,24464052.0,2022-02-23 13:53:07
20220223,18720136.0,23905136.0,2022-02-24 03:16:57
20220224,17978961.0,23005192.0,2022-02-25 03:14:37
20220225,16396476.0,20662888.0,2022-02-26 03:12:19
20220226,15324762.0,18916276.0,2022-02-27 03:14:47
20220227,14885910.0,18456316.0,2022-02-28 03:17:55
20220228,17428940.0,21821520.0,2022-03-01 03:24:03
20220301,17685865.0,22041280.0,2022-04-30 09:59:35
20220302,18061852.0,22513188.0,2022-03-03 03:13:45
20220303,20107155.0,25225552.0,2022-03-04 03:20:45
20220304,20501133.0,25531344.0,2022-03-05 03:18:47
20220305,19289288.0,23736524.0,2022-03-06 15:53:34
20220306,21374314.0,26372672.0,2022-03-07 03:13:56
20220307,19005867.0,23721536.0,2022-03-08 13:19:12
20220308,22151636.0,27489556.0,2022-03-09 17:31:19
20220309,22479392.0,27554880.0,2022-03-10 03:20:48
20220310,25214326.0,31485240.0,2022-05-05 17:13:57
20220311,18866466.0,23919804.0,2022-03-12 03:21:29
20220312,18443716.0,22708368.0,2022-05-16 16:21:58
20220313,14618124.0,18384356.0,2022-03-14 17:28:21
20220314,16155349.0,20578796.0,2022-03-15 03:13:29
20220315,20258627.0,25566352.0,2022-03-16 03:17:30
20220316,16434105.0,20488924.0,2022-03-17 03:15:21
20220317,14673340.0,18037728.0,2022-03-18 03:15:49
20220318,15738894.0,18916424.0,2022-03-19 03:13:31
20220319,11599875.0,13760476.0,2022-05-16 16:29:47
20220320,12746261.0,15191960.0,2022-03-21 03:14:24
20220321,14767941.0,17762012.0,2022-03-22 12:49:48
20220322,15015704.0,18008396.0,2022-03-23 03:13:31
20220323,13878174.0,16765656.0,2022-03-24 03:12:46
20220324,14576667.0,17485528.0,2022-03-25 03:13:24
20220325,15585473.0,18724608.0,2022-03-26 03:13:53
20220326,19534169.0,22170236.0,2022-03-27 03:14:27
20220327,16282801.0,18703988.0,2022-05-13 22:57:27
20220328,21794902.0,25121604.0,2022-04-30 10:00:00
20220329,16629602.0,19629056.0,2022-03-30 14:32:51
20220330,15438250.0,18435708.0,2022-03-31 03:17:06
20220331,15682302.0,18513060.0,2022-04-30 09:59:56
20220401,16033556.0,19276072.0,2022-04-30 09:59:53
20220402,17110255.0,20674128.0,2022-04-03 03:12:26
20220403,18319274.0,22223864.0,2022-04-04 03:18:06
20220404,18678357.0,22586480.0,2022-04-05 03:21:24
20220405,18668972.0,22395956.0,2022-04-06 19:19:05
20220406,23959859.0,29050368.0,2022-04-07 03:13:11
20220407,20272170.0,24604180.0,2022-04-08 03:16:39
20220408,23246108.0,28049300.0,2022-04-09 03:23:27
20220409,18070709.0,21396180.0,2022-04-10 03:17:04
20220410,19821294.0,23501204.0,2022-04-11 03:20:44
20220411,18110395.0,22158940.0,2022-04-12 03:13:16
20220412,17054736.0,20646368.0,2022-04-13 03:14:11
20220413,14543450.0,17797560.0,2022-04-14 03:20:16
20220414,14434508.0,17657440.0,2022-04-15 03:22:05
20220415,20683999.0,24373052.0,2022-04-16 16:57:59
20220416,13284232.0,15926392.0,2022-04-17 03:12:13
20220417,13287751.0,15666488.0,2022-04-18 03:12:56
20220418,17317914.0,20758332.0,2022-04-19 03:18:23
20220419,13920116.0,16939664.0,2022-04-20 03:14:41
20220420,14553212.0,17636588.0,2022-04-21 15:38:31
20220421,13823616.0,16732544.0,2022-04-22 13:07:37
20220422,13094303.0,16029040.0,2022-04-30 09:59:49
20220423,11993922.0,14365484.0,2022-04-25 16:55:08
20220424,13015094.0,15820252.0,2022-04-30 09:59:44
20220425,13419672.0,16441664.0,2022-04-26 03:11:27
20220426,12580987.0,15430832.0,2022-04-27 03:21:27
20220427,13052916.0,16084980.0,2022-04-28 11:17:44
20220428,14064065.0,16907140.0,2022-04-29 18:18:02
20220429,12486788.0,15281936.0,2022-04-30 03:15:48
20220430,11958185.0,14271352.0,2022-05-01 03:14:29
20220501,14064887.0,16848596.0,2022-05-02 12:49:41
20220502,15689961.0,18885092.0,2022-05-03 03:21:13
20220503,17272754.0,21105824.0,2022-05-04 03:23:04
20220504,16833692.0,20667700.0,2022-05-05 15:32:02
20220505,18180904.0,22721896.0,2022-05-06 18:56:19
20220506,18960955.0,23553488.0,2022-05-07 17:25:40
20220507,15744579.0,19409648.0,2022-05-08 03:18:18
20220508,20956276.0,26561540.0,2022-06-07 10:52:14
20220509,21730005.0,26392056.0,2022-06-07 11:08:32
20220510,22066101.0,26892820.0,2022-06-07 11:24:33
20220511,14637036.0,17954580.0,2022-06-07 11:35:07
20220512,16207900.0,19810428.0,2022-06-07 11:45:30
20220513,13568998.0,17188164.0,2022-05-14 19:26:54
20220514,12341809.0,14893080.0,2022-05-15 03:12:33
20220515,16232165.0,19012508.0,2022-05-16 03:18:44
20220516,16100911.0,19598680.0,2022-05-17 03:16:36
20220517,13333126.0,16308956.0,2022-05-18 03:13:29
20220518,15465577.0,18606840.0,2022-05-19 03:11:51
20220519,12046538.0,15045444.0,2022-05-20 03:12:10
20220520,12166524.0,15134952.0,2022-05-21 03:16:05
20220521,10527089.0,12574256.0,2022-05-22 03:15:19
20220522,11132017.0,13284132.0,2022-05-23 03:10:20
20220523,12915781.0,16010900.0,2022-05-24 03:17:23
20220524,12681872.0,15844768.0,2022-05-25 03:17:24
20220525,12609666.0,15758536.0,2022-05-26 03:20:09
20220526,12076117.0,15137296.0,2022-05-27 03:14:08
20220527,12061839.0,15133220.0,2022-05-28 03:11:53
20220528,13102931.0,15566564.0,2022-05-29 12:11:34
20220529,11495391.0,13613548.0,2022-05-30 03:17:04
20220530,12034222.0,14940200.0,2022-05-31 04:42:12
20220531,11986693.0,15008748.0,2022-06-01 03:32:59
20220601,14897660.0,18556656.0,2022-06-02 03:22:41
20220602,14966057.0,18546884.0,2022-06-03 11:08:08
20220603,18911404.0,23148428.0,2022-06-04 03:14:16
20220604,18207597.0,22537188.0,2022-06-05 03:14:28
20220605,17306670.0,21399400.0,2022-06-06 03:19:31
20220606,18753064.0,23769768.0,2022-06-07 03:15:57
20220607,19268058.0,24358072.0,2022-06-08 03:22:39
20220608,26274589.0,33343540.0,2022-06-09 03:16:55
20220609,21391338.0,26667424.0,2022-06-21 14:30:10
20220610,26302590.0,32440124.0,2022-06-21 14:40:37
20220611,15223157.0,18759108.0,2022-06-21 14:52:15
20220612,14927871.0,18335052.0,2022-06-13 03:21:27
20220613,16301921.0,21186128.0,2022-06-14 03:21:34
20220614,15216450.0,19819404.0,2022-06-15 03:13:16
20220615,19414890.0,24580908.0,2022-06-16 03:22:31
20220616,16576171.0,21042708.0,2022-06-17 03:23:56
20220617,18850748.0,23977384.0,2022-06-18 03:14:07
20220618,19628454.0,23254804.0,2022-06-19 03:15:06
20220619,15219450.0,18103164.0,2022-06-20 03:15:17
20220620,18804104.0,22870980.0,2022-06-21 03:39:59
20220621,18444240.0,22143196.0,2022-06-22 10:24:02
20220622,18225040.0,22446380.0,2022-06-23 03:15:41
20220623,16655208.0,20727772.0,2022-06-24 03:17:40
20220624,18396569.0,23619960.0,2022-06-25 03:21:53
20220625,17984718.0,22064496.0,2022-06-26 03:26:05
20220626,18066375.0,21795702.0,2022-06-27 03:22:08
20220627,20211194.0,25347938.0,2022-06-28 12:49:32
20220628,22124653.0,27725172.0,2022-06-29 03:21:57
20220629,18936044.0,24272292.0,2022-06-30 03:28:17
20220630,17920660.0,24020836.0,2022-07-01 03:28:09
20220701,20932215.0,26064172.0,2022-07-26 09:30:52
20220702,19247737.0,23448430.0,2022-07-26 09:31:22
20220703,23490376.0,28612060.0,2022-07-26 09:32:01
20220704,25036835.0,30537196.0,2022-07-26 09:32:34
20220705,26561256.0,31978596.0,2022-07-26 09:32:40
20220706,25191918.0,30280852.0,2022-07-26 09:32:56
20220707,22009439.0,25944976.0,2022-07-26 09:33:26
20220708,29602125.0,35371822.0,2022-07-26 09:34:04
20220709,29798295.0,34729906.0,2022-07-26 09:34:28
20220710,30680309.0,36145950.0,2022-07-26 09:34:42
20220711,28787417.0,34394974.0,2022-07-26 09:35:10
20220712,27358106.0,32785768.0,2022-07-26 09:35:39
20220713,17807980.0,24061966.0,2022-07-26 09:35:47
20220714,22078459.0,28631708.0,2022-07-26 09:36:52
20220715,30227394.0,36247836.0,2022-07-26 09:37:31
20220716,22717800.0,26895210.0,2022-07-26 09:37:37
20220717,20301696.0,23956986.0,2022-07-26 09:37:53
20220718,22422036.0,27277618.0,2022-07-26 09:38:11
20220719,20467553.0,25034388.0,2022-07-26 09:38:16
20220720,18844624.0,23127130.0,2022-07-26 09:38:21
20220721,18244755.0,22409384.0,2022-07-26 09:38:33
20220722,17662779.0,22151852.0,2022-07-26 09:38:38
20220723,15614620.0,19042656.0,2022-07-26 09:38:46
20220724,16757881.0,20260002.0,2022-07-26 09:39:00
20220725,20288979.0,25219472.0,2022-07-26 09:39:30
20220726,24325235.0,29853146.0,2022-07-27 03:24:53
20220727,24280376.0,29977398.0,2022-07-28 03:19:10
